region_id,region_type,color,pixel_count,parent_id,local_bbox_min_x,local_bbox_min_y,local_bbox_max_x,local_bbox_max_y,local_center_x,local_center_y,local_seed_x,local_seed_y,global_bbox_min_x,global_bbox_min_y,global_bbox_max_x,global_bbox_max_y,global_center_x,global_center_y,global_seed_x,global_seed_y
DST000001,ocean,#354aae,254,AREA000002,0,0,61,8,28,3,28,3,1027,0,1088,8,1055,3,1055,3
DST000002,land,#4d576f,82,AREA000003,0,0,36,4,20,2,20,2,1316,0,1352,4,1336,2,1336,2
DST000003,ocean,#1e148a,71855,AREA000009,0,0,1007,174,430,50,430,50,3171,0,4178,174,3601,50,3601,50
DST000004,land,#210e56,776,AREA000010,0,0,98,28,44,12,44,12,3661,0,3759,28,3705,12,3705,12
DST000005,land,#913879,98,AREA000004,0,0,32,5,16,2,16,2,1392,0,1424,5,1408,2,1408,2
DST000006,land,#5d083b,374,AREA000005,0,0,80,7,39,3,39,3,1429,0,1509,7,1468,3,1468,3
DST000007,land,#046a27,199,AREA000006,0,0,47,7,23,3,23,3,1513,0,1560,7,1536,3,1536,3
DST000008,ocean,#0d2fa5,53456,AREA000012,0,0,1062,96,652,32,652,32,4569,0,5631,96,5221,32,5221,32
DST000009,ocean,#3238b2,50,AREA000013,0,0,24,10,11,6,11,6,2491,0,2515,10,2502,6,2502,6
DST000010,land,#b04722,236,AREA000014,0,0,46,16,22,9,22,9,4537,3,4583,19,4559,12,4559,12
DST000011,land,#fde94f,4201,AREA000015,0,0,159,53,69,23,69,23,848,6,1007,59,917,29,917,29
DST000012,land,#c19e75,45362,AREA000007,0,0,302,233,173,96,178,95,1923,0,2225,233,2096,96,2101,95
DST000013,land,#7567ce,26425,AREA000007,286,0,572,143,403,54,410,53,2209,0,2495,143,2326,54,2333,53
DST000014,ocean,#0e3b78,57,AREA000016,0,0,22,7,10,3,10,3,4568,6,4590,13,4578,9,4578,9
DST000015,land,#cb3297,1308,AREA000017,0,0,83,35,34,14,34,14,1317,12,1400,47,1351,26,1351,26
DST000016,land,#6fc1eb,225,AREA000018,0,0,54,16,30,10,30,10,4486,11,4540,27,4516,21,4516,21
DST000017,ocean,#122eaf,247,AREA000019,0,0,44,11,22,5,22,5,5018,16,5062,27,5040,21,5040,21
DST000018,land,#52f01b,1606,AREA000020,0,0,98,41,57,20,57,20,1208,15,1306,56,1265,35,1265,35
DST000019,land,#5b5e89,21511,AREA000021,0,0,440,187,238,80,238,80,1406,17,1846,204,1644,97,1644,97
DST000020,ocean,#25389a,193,AREA000022,0,0,35,13,18,5,18,5,1143,19,1178,32,1161,24,1161,24
DST000021,land,#ce087e,551,AREA000023,0,0,71,14,34,7,34,7,1550,19,1621,33,1584,26,1584,26
DST000022,land,#7fdb4b,1517,AREA000024,0,0,88,46,45,24,45,24,3621,22,3709,68,3666,46,3666,46
DST000023,land,#ef82f9,11493,AREA000025,0,0,278,77,135,39,135,39,951,24,1229,101,1086,63,1086,63
DST000024,land,#24febc,173,AREA000026,0,0,49,17,20,9,20,9,1550,27,1599,44,1570,36,1570,36
DST000025,land,#bdd5c9,61,AREA000027,0,0,37,8,18,4,18,4,2387,26,2424,34,2405,30,2405,30
DST000026,land,#936678,93,AREA000028,0,0,34,18,16,9,16,9,2430,25,2464,43,2446,34,2446,34
DST000027,ocean,#36498b,195,AREA000030,0,0,35,10,15,5,15,5,0,52,35,62,15,57,15,57
DST000028,land,#17d94c,58,AREA000031,0,0,18,15,9,8,9,8,4104,50,4122,65,4113,58,4113,58
DST000029,ocean,#390585,76,AREA000032,0,0,17,10,10,6,10,6,5614,54,5631,64,5624,60,5624,60
DST000030,land,#37cec0,59825,AREA000033,0,0,448,244,228,102,228,102,188,56,636,300,416,158,416,158
DST000031,land,#c853a4,107,AREA000034,0,0,40,12,21,7,21,7,2377,59,2417,71,2398,66,2398,66
DST000032,land,#639d37,2127,AREA000035,0,0,176,47,90,22,90,22,3084,61,3260,108,3174,83,3174,83
DST000033,land,#bc8d73,300,AREA000036,0,0,42,24,19,11,19,11,3256,63,3298,87,3275,74,3275,74
DST000034,ocean,#254f94,95,AREA000037,0,0,29,12,14,6,14,6,3733,70,3762,82,3747,76,3747,76
DST000035,ocean,#3b03af,115,AREA000038,0,0,42,18,22,8,22,8,1721,73,1763,91,1743,81,1743,81
DST000036,land,#650688,273,AREA000039,0,0,44,15,20,8,20,8,1958,72,2002,87,1978,80,1978,80
DST000037,ocean,#020bb3,62,AREA000040,0,0,29,11,15,6,15,6,749,75,778,86,764,81,764,81
DST000038,land,#acd490,14047,AREA000041,0,0,164,157,82,86,82,86,3145,77,3309,234,3227,163,3227,163
DST000039,ocean,#0a2ca1,51,AREA000042,0,0,22,6,11,3,11,3,5445,77,5467,83,5456,80,5456,80
DST000040,land,#5f9384,485,AREA000043,0,0,52,25,27,13,27,13,1264,79,1316,104,1291,92,1291,92
DST000041,ocean,#321c9e,519,AREA000044,0,0,45,40,21,16,21,16,1304,83,1349,123,1325,99,1325,99
DST000042,ocean,#210bb3,183,AREA000045,0,0,28,12,13,6,13,6,3572,85,3600,97,3585,91,3585,91
DST000043,land,#6e43a9,90,AREA000046,0,0,23,19,12,8,12,8,4014,91,4037,110,4026,99,4026,99
DST000044,land,#90ec0d,17657,AREA000047,0,0,202,214,88,97,88,97,2990,92,3192,306,3078,189,3078,189
DST000045,land,#8c91b3,129842,AREA000029,341,0,935,367,584,199,531,203,949,46,1543,413,1192,245,1139,249
DST000046,land,#a2a1b6,85665,AREA000029,0,25,374,365,209,167,196,165,608,71,982,411,817,213,804,211
DST000047,land,#d4ba31,85184,AREA000029,752,148,1335,466,1031,302,977,275,1360,194,1943,512,1639,348,1585,321
DST000048,land,#3d53fb,4405,AREA000048,0,0,150,72,64,38,64,38,0,94,150,166,64,132,64,132
DST000049,ocean,#174176,130,AREA000049,0,0,45,14,22,6,22,6,1116,94,1161,108,1138,100,1138,100
DST000050,land,#d8a936,381,AREA000050,0,0,34,16,17,8,17,8,1606,104,1640,120,1623,112,1623,112
DST000051,land,#00d51a,7399,AREA000051,0,0,180,162,78,99,78,99,2895,102,3075,264,2973,201,2973,201
DST000052,land,#d00d2e,83,AREA000052,0,0,41,17,22,8,22,8,1973,105,2014,122,1995,113,1995,113
DST000053,land,#b6bcb8,160,AREA000053,0,0,37,13,18,6,18,6,1978,119,2015,132,1996,125,1996,125
DST000054,land,#b4b9f8,48412,AREA000011,60,212,372,528,238,363,227,352,3306,212,3618,528,3484,363,3473,352
DST000055,land,#34a46f,40337,AREA000011,354,124,659,382,503,274,489,284,3600,124,3905,382,3749,274,3735,284
DST000056,land,#617da6,60138,AREA000011,546,19,892,335,718,153,718,150,3792,19,4138,335,3964,153,3964,150
DST000057,land,#fc32ab,37026,AREA000011,0,79,247,333,117,200,107,189,3246,79,3493,333,3363,200,3353,189
DST000058,land,#acf217,38324,AREA000011,242,80,545,306,378,176,382,174,3488,80,3791,306,3624,176,3628,174
DST000059,land,#74d75c,49871,AREA000011,720,85,1048,404,890,280,883,282,3966,85,4294,404,4136,280,4129,282
DST000060,land,#654cc1,80363,AREA000011,892,0,1205,394,1055,172,1055,179,4138,0,4451,394,4301,172,4301,179
DST000061,land,#3f79f9,64820,AREA000011,1158,123,1514,403,1350,281,1353,283,4404,123,4760,403,4596,281,4599,283
DST000062,land,#3e68fe,118786,AREA000011,1472,17,1863,504,1660,217,1645,209,4718,17,5109,504,4906,217,4891,209
DST000063,land,#c5bfb1,54602,AREA000011,1111,0,1493,227,1293,93,1276,87,4357,0,4739,227,4539,93,4522,87
DST000064,land,#141fc8,88639,AREA000011,1848,40,2385,374,2087,162,2066,168,5094,40,5631,374,5333,162,5312,168
DST000065,lake,#36226b,851,AREA000054,0,0,81,32,37,15,37,15,891,124,972,156,928,139,928,139
DST000066,land,#e15d75,3511,AREA000055,0,0,140,48,71,25,71,25,2460,132,2600,180,2531,157,2531,157
DST000067,land,#18c076,91,AREA000056,0,0,21,14,10,7,10,7,2458,134,2479,148,2468,141,2468,141
DST000068,land,#16da81,1539,AREA000057,0,0,104,42,44,23,44,23,1451,142,1555,184,1495,165,1495,165
DST000069,ocean,#313a9f,12083,AREA000058,0,0,293,188,139,107,139,107,2988,142,3281,330,3127,249,3127,249
DST000070,lake,#0431a6,64,AREA000059,0,0,19,10,9,5,9,5,911,146,930,156,920,151,920,151
DST000071,land,#f0b427,426,AREA000060,0,0,42,18,21,9,21,9,1592,149,1634,167,1613,158,1613,158
DST000072,ocean,#35056a,50,AREA000062,0,0,24,10,12,5,12,5,140,176,164,186,152,181,152,181
DST000073,ocean,#000f80,148,AREA000063,0,0,30,12,14,6,14,6,1502,187,1532,199,1516,193,1516,193
DST000074,lake,#2112a6,569,AREA000064,0,0,62,26,32,15,32,15,990,194,1052,220,1022,209,1022,209
DST000075,land,#be28dd,81,AREA000065,0,0,15,12,7,6,7,6,1559,196,1574,208,1566,202,1566,202
DST000076,lake,#182b71,530,AREA000066,0,0,44,28,22,13,22,13,3286,207,3330,235,3308,220,3308,220
DST000077,ocean,#1945a5,82,AREA000067,0,0,22,8,12,4,12,4,199,228,221,236,211,232,211,232
DST000078,land,#03f9d1,146,AREA000068,0,0,30,20,15,9,15,9,633,235,663,255,648,244,648,244
DST000079,land,#abf710,182,AREA000069,0,0,28,29,15,15,15,15,675,238,703,267,690,253,690,253
DST000080,land,#ff9083,130,AREA000070,0,0,25,33,13,18,13,18,696,239,721,272,709,257,709,257
DST000081,land,#f3bc0e,1283,AREA000071,0,0,69,32,36,14,36,14,3184,240,3253,272,3220,254,3220,254
DST000082,land,#26539a,63,AREA000072,0,0,20,10,10,5,10,5,663,250,683,260,673,255,673,255
DST000083,land,#bd6df5,5851,AREA000073,0,0,118,136,51,77,51,77,2725,251,2843,387,2776,328,2776,328
DST000084,land,#bac48e,1939,AREA000074,0,0,112,36,61,18,61,18,3145,265,3257,301,3206,283,3206,283
DST000085,land,#317547,316,AREA000075,0,0,62,54,31,24,31,24,718,266,780,320,749,290,749,290
DST000086,ocean,#0404af,56,AREA000076,0,0,14,9,8,5,8,5,2966,271,2980,280,2974,276,2974,276
DST000087,land,#18d106,51,AREA000077,0,0,15,24,9,10,9,10,692,267,707,291,701,277,701,277
DST000088,land,#6a91b5,566,AREA000078,0,0,42,36,18,17,18,17,2944,279,2986,315,2962,296,2962,296
DST000089,land,#e8f924,1921,AREA000079,0,0,86,39,43,17,43,17,3146,290,3232,329,3189,307,3189,307
DST000090,land,#d8bfa7,6242,AREA000080,0,0,145,76,74,41,74,41,3180,294,3325,370,3254,335,3254,335
DST000091,land,#45d513,65,AREA000081,0,0,23,26,11,13,11,13,726,288,749,314,737,301,737,301
DST000092,ocean,#2e1468,99,AREA000082,0,0,32,15,15,6,15,6,269,297,301,312,284,303,284,303
DST000093,land,#04d308,85,AREA000083,0,0,18,16,10,7,10,7,2990,298,3008,314,3000,305,3000,305
DST000094,lake,#192f6e,669,AREA000084,0,0,93,67,59,37,59,37,4443,300,4536,367,4502,337,4502,337
DST000095,land,#1584bc,304,AREA000086,0,0,46,14,24,8,24,8,3126,308,3172,322,3150,316,3150,316
DST000096,land,#8406dc,322,AREA000087,0,0,38,19,19,10,19,10,2690,308,2728,327,2709,318,2709,318
DST000097,ocean,#080665,68,AREA000088,0,0,24,9,12,4,12,4,234,312,258,321,246,316,246,316
DST000098,ocean,#1d0066,73,AREA000089,0,0,20,17,9,10,9,10,2971,305,2991,322,2980,315,2980,315
DST000099,land,#269a1f,29849,AREA000085,192,0,372,230,295,108,283,109,3737,306,3917,536,3840,414,3828,415
DST000100,land,#f02c33,32476,AREA000085,369,2,633,211,468,112,458,111,3914,308,4178,517,4013,418,4003,417
DST000101,land,#6a4ba2,17979,AREA000085,0,58,198,221,111,123,107,124,3545,364,3743,527,3656,429,3652,430
DST000102,land,#1551ae,10219,AREA000090,0,0,140,121,68,62,68,62,2910,311,3050,432,2978,373,2978,373
DST000103,land,#a6e4e7,9420,AREA000091,0,0,155,90,81,42,81,42,3038,315,3193,405,3119,357,3119,357
DST000104,land,#53a1f7,1643,AREA000092,0,0,66,50,33,26,33,26,2655,316,2721,366,2688,342,2688,342
DST000105,lake,#0b2c96,433,AREA000093,0,0,37,35,17,17,17,17,1263,328,1300,363,1280,345,1280,345
DST000106,land,#cfbcb4,1790,AREA000094,0,0,40,122,16,54,16,54,5034,331,5074,453,5050,385,5050,385
DST000107,land,#c2cbe0,900,AREA000096,0,0,50,42,26,18,26,18,2878,336,2928,378,2904,354,2904,354
DST000108,land,#5ead81,15948,AREA000097,0,0,281,110,142,49,142,49,3163,354,3444,464,3305,403,3305,403
DST000109,land,#9ad547,43567,AREA000098,0,0,502,163,238,82,238,82,4191,358,4693,521,4429,440,4429,440
DST000110,land,#3eff06,2135,AREA000099,0,0,90,63,46,40,46,40,1887,368,1977,431,1933,408,1933,408
DST000111,land,#eb18f0,715,AREA000100,0,0,59,30,32,13,32,13,2856,367,2915,397,2888,380,2888,380
DST000112,land,#c2ece6,14457,AREA000101,0,0,201,136,112,69,112,69,2742,374,2943,510,2854,443,2854,443
DST000113,land,#f52644,2017,AREA000102,0,0,101,37,47,19,47,19,3008,375,3109,412,3055,394,3055,394
DST000114,land,#5d2eb1,570,AREA000103,0,0,74,39,37,19,37,19,815,378,889,417,852,397,852,397
DST000115,land,#62af44,125,AREA000104,0,0,35,12,17,7,17,7,1814,392,1849,404,1831,399,1831,399
DST000116,land,#73cc8f,1154,AREA000105,0,0,86,28,40,13,40,13,3081,397,3167,425,3121,410,3121,410
DST000117,land,#4e1b2c,4661,AREA000107,0,0,202,89,112,43,112,43,1653,402,1855,491,1765,445,1765,445
DST000118,land,#bc7589,2013,AREA000108,0,0,118,39,72,21,72,21,2965,407,3083,446,3037,428,3037,428
DST000119,land,#6c1c93,39703,AREA000095,504,133,766,394,629,263,626,264,4473,468,4735,729,4598,598,4595,599
DST000120,land,#36ac1f,20658,AREA000095,627,0,825,210,735,101,736,95,4596,335,4794,545,4704,436,4705,430
DST000121,land,#c4b878,18323,AREA000095,748,21,956,227,840,129,835,136,4717,356,4925,562,4809,464,4804,471
DST000122,land,#d5c731,36369,AREA000095,414,325,748,520,578,422,581,426,4383,660,4717,855,4547,757,4550,761
DST000123,land,#0ea52d,51064,AREA000095,269,148,527,498,406,300,414,301,4238,483,4496,833,4375,635,4383,636
DST000124,land,#f4e323,66362,AREA000095,0,69,339,410,189,241,194,243,3969,404,4308,745,4158,576,4163,578
DST000125,lake,#373f82,1862,AREA000109,0,0,117,37,66,21,66,21,1375,408,1492,445,1441,429,1441,429
DST000126,land,#9de7fe,2345,AREA000110,0,0,102,43,49,22,49,22,3071,413,3173,456,3120,435,3120,435
DST000127,land,#56c99b,724,AREA000111,0,0,47,45,24,19,24,19,3237,415,3284,460,3261,434,3261,434
DST000128,land,#2c00cd,6118,AREA000112,0,0,145,72,72,38,72,38,3135,417,3280,489,3207,455,3207,455
DST000129,land,#dd1351,126,AREA000113,0,0,22,20,11,11,11,11,1969,422,1991,442,1980,433,1980,433
DST000130,land,#527ed2,899,AREA000114,0,0,66,28,32,14,32,14,2912,426,2978,454,2944,440,2944,440
DST000131,ocean,#26299b,797,AREA000115,0,0,66,30,31,16,31,16,3361,434,3427,464,3392,450,3392,450
DST000132,ocean,#290c89,9070,AREA000116,0,0,113,164,61,83,61,83,3548,436,3661,600,3609,519,3609,519
DST000133,land,#143060,27634,AREA000106,0,6,172,262,81,128,80,134,864,407,1036,663,945,529,944,535
DST000134,land,#9afad7,23078,AREA000106,87,5,309,153,207,63,194,62,951,406,1173,554,1071,464,1058,463
DST000135,land,#48db38,37095,AREA000106,301,0,580,176,429,84,416,85,1165,401,1444,577,1293,485,1280,486
DST000136,land,#71f746,29456,AREA000106,129,102,356,313,255,206,252,204,993,503,1220,714,1119,607,1116,605
DST000137,land,#f906a2,49869,AREA000106,533,30,902,378,676,173,665,171,1397,431,1766,779,1540,574,1529,572
DST000138,land,#84edf7,33629,AREA000106,327,148,582,366,451,248,441,252,1191,549,1446,767,1315,649,1305,653
DST000139,land,#51bf7b,5999,AREA000117,0,0,184,142,85,55,85,55,2921,437,3105,579,3006,492,3006,492
DST000140,land,#9be332,101,AREA000118,0,0,17,23,9,12,9,12,1853,438,1870,461,1862,450,1862,450
DST000141,land,#f2b51c,397,AREA000119,0,0,46,26,21,13,21,13,3026,439,3072,465,3047,452,3047,452
DST000142,lake,#3b3770,163,AREA000120,0,0,30,24,12,10,12,10,3967,441,3997,465,3979,451,3979,451
DST000143,ocean,#371c70,10593,AREA000121,0,0,221,89,103,53,103,53,3248,443,3469,532,3351,496,3351,496
DST000144,land,#cefac6,925,AREA000122,0,0,74,52,32,21,32,21,3041,444,3115,496,3073,465,3073,465
DST000145,land,#831f16,126,AREA000123,0,0,17,12,8,6,8,6,3800,447,3817,459,3808,453,3808,453
DST000146,land,#a2f2c5,544,AREA000124,0,0,60,27,27,13,27,13,3327,450,3387,477,3354,463,3354,463
DST000147,land,#235faf,1798,AREA000125,0,0,63,59,30,29,30,29,3111,451,3174,510,3141,480,3141,480
DST000148,lake,#30349d,1199,AREA000126,0,0,46,69,17,32,17,32,1440,452,1486,521,1457,484,1457,484
DST000149,lake,#01318d,889,AREA000127,0,0,51,48,29,20,29,20,1492,451,1543,499,1521,471,1521,471
DST000150,lake,#2327ac,266,AREA000128,0,0,30,23,15,11,15,11,1534,453,1564,476,1549,464,1549,464
DST000151,ocean,#3015a2,56701,AREA000129,0,0,652,242,347,136,347,136,2730,457,3382,699,3077,593,3077,593
DST000152,land,#c51ff2,10485,AREA000130,0,0,264,129,112,58,112,58,3692,461,3956,590,3804,519,3804,519
DST000153,land,#cedd18,1705,AREA000131,0,0,86,63,43,33,43,33,5005,461,5091,524,5048,494,5048,494
DST000154,land,#13c97e,1170,AREA000132,0,0,57,41,31,17,31,17,3063,465,3120,506,3094,482,3094,482
DST000155,land,#5e6715,2690,AREA000133,0,0,97,47,44,23,44,23,3166,480,3263,527,3210,503,3210,503
DST000156,lake,#2c2fa3,349,AREA000134,0,0,55,15,31,8,31,8,1567,481,1622,496,1598,489,1598,489
DST000157,land,#63cede,12044,AREA000135,0,0,194,121,89,53,89,53,2671,488,2865,609,2760,541,2760,541
DST000158,land,#9916ac,1488,AREA000136,0,0,103,38,54,22,54,22,3443,491,3546,529,3497,513,3497,513
DST000159,land,#d1af36,235,AREA000137,0,0,26,23,12,11,12,11,3105,492,3131,515,3117,503,3117,503
DST000160,land,#fbf98a,199,AREA000138,0,0,25,19,12,9,12,9,3130,497,3155,516,3142,506,3142,506
DST000161,land,#ac25fe,4381,AREA000139,0,0,156,61,69,26,69,26,3916,497,4072,558,3985,523,3985,523
DST000162,land,#be5c46,2619,AREA000140,0,0,98,82,44,43,44,43,4763,501,4861,583,4807,544,4807,544
DST000163,lake,#01338e,430,AREA000141,0,0,61,22,28,11,28,11,1517,502,1578,524,1545,513,1545,513
DST000164,land,#bdb9b5,143,AREA000142,0,0,14,20,7,9,7,9,2951,504,2965,524,2958,513,2958,513
DST000165,land,#6327b0,10989,AREA000143,0,0,216,117,104,57,104,57,3642,504,3858,621,3746,561,3746,561
DST000166,land,#e4ab73,581,AREA000144,0,0,26,47,12,22,12,22,3118,507,3144,554,3130,529,3130,529
DST000167,land,#b1c501,539,AREA000145,0,0,38,22,18,11,18,11,3137,511,3175,533,3155,522,3155,522
DST000168,ocean,#0e18b3,330,AREA000146,0,0,32,25,14,13,14,13,3641,512,3673,537,3655,525,3655,525
DST000169,land,#6751a5,1905,AREA000147,0,0,49,79,23,38,23,38,2668,514,2717,593,2691,552,2691,552
DST000170,land,#977ce1,429,AREA000148,0,0,46,24,20,11,20,11,3224,515,3270,539,3244,526,3244,526
DST000171,land,#f75cd8,18016,AREA000149,0,0,291,96,145,48,145,48,3225,515,3516,611,3370,563,3370,563
DST000172,land,#d4fde3,1679,AREA000150,0,0,75,53,40,23,40,23,3522,518,3597,571,3562,541,3562,541
DST000173,ocean,#124f8a,222669,AREA000008,436,154,1185,743,854,490,879,481,1720,154,2469,743,2138,490,2163,481
DST000174,ocean,#2215a0,193965,AREA000008,936,556,1445,1236,1169,866,1163,883,2220,556,2729,1236,2453,866,2447,883
DST000175,ocean,#150589,176149,AREA000008,905,0,1429,566,1210,284,1212,229,2189,0,2713,566,2494,284,2496,229
DST000176,ocean,#13248e,132593,AREA000008,1345,0,1886,495,1562,165,1541,220,2629,0,3170,495,2846,165,2825,220
DST000177,ocean,#081272,349094,AREA000008,925,1072,1764,1694,1389,1387,1409,1395,2209,1072,3048,1694,2673,1387,2693,1395
DST000178,ocean,#1803a1,340748,AREA000008,444,1378,1178,2111,862,1847,843,1836,1728,1378,2462,2111,2146,1847,2127,1836
DST000179,ocean,#2247a4,187530,AREA000008,529,717,1090,1368,826,988,814,979,1813,717,2374,1368,2110,988,2098,979
DST000180,ocean,#2b4285,208628,AREA000008,0,460,676,1046,381,774,379,770,1284,460,1960,1046,1665,774,1663,770
DST000181,ocean,#262995,335169,AREA000008,1158,1572,1883,2111,1529,1878,1493,1888,2442,1572,3167,2111,2813,1878,2777,1888
DST000182,land,#26890f,1668,AREA000151,0,0,101,62,39,29,39,29,3131,520,3232,582,3170,549,3170,549
DST000183,land,#5bc56a,476,AREA000152,0,0,24,36,13,18,13,18,2944,527,2968,563,2957,545,2957,545
DST000184,land,#c0e9dd,537,AREA000153,0,0,46,36,22,15,22,15,3498,528,3544,564,3520,543,3520,543
DST000185,land,#80a181,4683,AREA000154,0,0,173,119,108,72,108,72,4866,529,5039,648,4974,601,4974,601
DST000186,ocean,#344776,156,AREA000155,0,0,36,11,18,6,18,6,3239,530,3275,541,3257,536,3257,536
DST000187,land,#ac07d5,120,AREA000156,0,0,22,16,11,8,11,8,3900,531,3922,547,3911,539,3911,539
DST000188,land,#98e5e3,2787,AREA000157,0,0,120,54,58,27,58,27,3871,544,3991,598,3929,571,3929,571
DST000189,land,#d4c88b,93,AREA000158,0,0,19,10,10,5,10,5,3901,544,3920,554,3911,549,3911,549
DST000190,land,#085132,36723,AREA000159,0,0,299,229,158,112,158,112,3507,551,3806,780,3665,663,3665,663
DST000191,land,#af89bd,14193,AREA000160,0,0,178,141,83,73,83,73,3764,571,3942,712,3847,644,3847,644
DST000192,land,#a152b3,1913,AREA000161,0,0,50,65,24,33,24,33,4793,570,4843,635,4817,603,4817,603
DST000193,ocean,#1b2f79,57,AREA000162,0,0,15,26,8,13,8,13,1615,569,1630,595,1623,582,1623,582
DST000194,land,#dd0a70,374,AREA000163,0,0,34,27,17,12,17,12,3147,573,3181,600,3164,585,3164,585
DST000195,land,#45f6d6,485,AREA000164,0,0,47,23,26,10,26,10,3011,575,3058,598,3037,585,3037,585
DST000196,land,#b58954,107,AREA000165,0,0,30,9,15,5,15,5,3953,587,3983,596,3968,592,3968,592
DST000197,land,#16bd81,3254,AREA000166,0,0,62,110,31,50,31,50,2934,589,2996,699,2965,639,2965,639
DST000198,land,#29bc92,9646,AREA000167,0,0,150,129,78,67,78,67,3423,589,3573,718,3501,656,3501,656
DST000199,land,#896f0b,4041,AREA000168,0,0,103,77,42,35,42,35,3376,590,3479,667,3418,625,3418,625
DST000200,land,#409ddd,50711,AREA000169,0,0,323,283,178,139,178,139,2679,593,3002,876,2857,732,2857,732
DST000201,land,#61a529,18619,AREA000170,0,0,250,209,130,113,130,113,3772,591,4022,800,3902,704,3902,704
DST000202,land,#47857b,12478,AREA000171,0,0,247,227,133,95,133,95,2551,611,2798,838,2684,706,2684,706
DST000203,land,#4f85d5,54,AREA000172,0,0,22,7,11,3,11,3,3197,619,3219,626,3208,622,3208,622
DST000204,land,#a67d14,119,AREA000173,0,0,24,11,12,6,12,6,3323,619,3347,630,3335,625,3335,625
DST000205,ocean,#1106aa,286813,AREA000061,1068,1176,1606,1955,1403,1516,1406,1535,5093,1332,5631,2111,5428,1672,5431,1691
DST000206,ocean,#2d457b,316404,AREA000061,619,495,1251,1328,905,932,923,953,4644,651,5276,1484,4930,1088,4948,1109
DST000207,ocean,#2b469b,161864,AREA000061,797,1532,1415,1955,1084,1798,1054,1792,4822,1688,5440,2111,5109,1954,5079,1948
DST000208,ocean,#072887,271962,AREA000061,1120,446,1606,1180,1403,849,1412,823,5145,602,5631,1336,5428,1005,5437,979
DST000209,ocean,#310d84,154315,AREA000061,492,1274,914,1955,687,1682,677,1679,4517,1430,4939,2111,4712,1838,4702,1835
DST000210,ocean,#260a77,207468,AREA000061,0,591,687,1285,390,920,390,920,4025,747,4712,1441,4415,1076,4415,1076
DST000211,ocean,#2144a3,359198,AREA000061,632,0,1606,683,1216,353,1184,360,4657,156,5631,839,5241,509,5209,516
DST000212,land,#7c7902,135,AREA000175,0,0,21,24,10,11,10,11,3367,631,3388,655,3377,642,3377,642
DST000213,land,#37cb3a,290,AREA000176,0,0,36,27,18,12,18,12,4888,633,4924,660,4906,645,4906,645
DST000214,ocean,#0d296c,85,AREA000177,0,0,26,13,14,6,14,6,4867,639,4893,652,4881,645,4881,645
DST000215,land,#418ab0,39526,AREA000174,0,0,323,232,156,148,157,149,3887,618,4210,850,4043,766,4044,767
DST000216,land,#7662b2,22483,AREA000174,66,213,288,428,151,295,149,296,3953,831,4175,1046,4038,913,4036,914
DST000217,land,#7438fa,576,AREA000178,0,0,35,43,18,20,18,20,4847,642,4882,685,4865,662,4865,662
DST000218,land,#27a470,1746,AREA000179,0,0,66,64,28,32,28,32,3363,652,3429,716,3391,684,3391,684
DST000219,land,#ab4e7b,60,AREA000180,0,0,14,12,7,7,7,7,3363,652,3377,664,3370,659,3370,659
DST000220,land,#dd5fea,35070,AREA000181,0,0,247,211,136,95,136,95,2962,655,3209,866,3098,750,3098,750
DST000221,land,#ada131,39899,AREA000182,0,0,474,282,228,136,228,136,982,662,1456,944,1210,798,1210,798
DST000222,ocean,#0e4a8a,147003,AREA000001,519,232,1029,746,727,515,864,414,519,232,1029,746,727,515,864,414
DST000223,ocean,#083886,334544,AREA000001,362,697,1095,1331,758,1024,742,1030,362,697,1095,1331,758,1024,742,1030
DST000224,ocean,#0e3068,292159,AREA000001,0,440,621,1031,263,730,240,701,0,440,621,1031,263,730,240,701
DST000225,ocean,#1f3ba3,381002,AREA000001,0,0,2087,477,273,230,273,230,0,0,2087,477,273,230,273,230
DST000226,ocean,#010390,286260,AREA000001,0,1019,530,1708,224,1337,208,1349,0,1019,530,1708,224,1337,208,1349
DST000227,ocean,#322c9a,306835,AREA000001,0,1603,797,2111,347,1903,359,1918,0,1603,797,2111,347,1903,359,1918
DST000228,ocean,#1545ac,304975,AREA000001,398,1290,1082,1998,751,1567,713,1562,398,1290,1082,1998,751,1567,713,1562
DST000229,ocean,#321164,348007,AREA000001,798,1527,1747,2111,1228,1900,1211,1857,798,1527,1747,2111,1228,1900,1211,1857
DST000230,ocean,#1a1c76,276854,AREA000001,1072,1189,1718,1875,1415,1488,1456,1500,1072,1189,1718,1875,1415,1488,1456,1500
DST000231,ocean,#0e4e7a,165896,AREA000001,1017,677,1607,1272,1258,1047,1345,922,1017,677,1607,1272,1258,1047,1345,922
DST000232,land,#f3dc3c,61,AREA000183,0,0,9,18,4,9,4,9,3363,664,3372,682,3367,673,3367,673
DST000233,land,#6e2a41,227,AREA000184,0,0,17,41,8,20,8,20,3353,668,3370,709,3361,688,3361,688
DST000234,land,#373f4e,40572,AREA000185,0,0,329,246,156,126,156,126,3357,669,3686,915,3513,795,3513,795
DST000235,land,#e24df4,21136,AREA000186,0,0,188,152,81,79,81,79,3203,679,3391,831,3284,758,3284,758
DST000236,land,#1c9d91,2839,AREA000187,0,0,126,62,60,33,60,33,4070,698,4196,760,4130,731,4130,731
DST000237,land,#2d0eba,253,AREA000189,0,0,27,24,15,12,15,12,3546,702,3573,726,3561,714,3561,714
DST000238,ocean,#062e9b,8577,AREA000190,0,0,170,264,94,141,94,141,3327,712,3497,976,3421,853,3421,853
DST000239,land,#bb93a8,5154,AREA000191,0,0,145,114,79,46,79,46,4194,714,4339,828,4273,760,4273,760
DST000240,land,#26d2d7,12505,AREA000192,0,0,134,277,67,113,67,113,4259,727,4393,1004,4326,840,4326,840
DST000241,land,#bea705,719,AREA000193,0,0,51,25,25,14,25,14,4206,730,4257,755,4231,744,4231,744
DST000242,land,#0672d8,20939,AREA000194,0,0,186,195,104,109,104,109,2550,747,2736,942,2654,856,2654,856
DST000243,land,#7acb01,528,AREA000195,0,0,47,18,26,11,26,11,2632,748,2679,766,2658,759,2658,759
DST000244,land,#695d97,1943,AREA000196,0,0,66,73,29,37,29,37,4195,759,4261,832,4224,796,4224,796
DST000245,ocean,#1c1c73,52,AREA000197,0,0,11,20,6,9,6,9,3600,762,3611,782,3606,771,3606,771
DST000246,land,#2109e3,154,AREA000198,0,0,12,24,6,13,6,13,3611,764,3623,788,3617,777,3617,777
DST000247,land,#4094ca,1204,AREA000199,0,0,71,50,40,31,40,31,3627,768,3698,818,3667,799,3667,799
DST000248,land,#6ba168,919,AREA000200,0,0,43,64,24,37,24,37,2584,775,2627,839,2608,812,2608,812
DST000249,land,#1e2088,609,AREA000201,0,0,28,48,14,23,14,23,4696,778,4724,826,4710,801,4710,801
DST000250,land,#3d55d9,24807,AREA000202,0,0,257,232,135,120,135,120,2625,781,2882,1013,2760,901,2760,901
DST000251,land,#46ce57,5962,AREA000203,0,0,121,128,63,68,63,68,3631,783,3752,911,3694,851,3694,851
DST000252,land,#016356,244,AREA000204,0,0,18,38,10,18,10,18,4248,803,4266,841,4258,821,4258,821
DST000253,land,#17bbef,23619,AREA000205,0,0,246,182,144,95,144,95,2819,805,3065,987,2963,900,2963,900
DST000254,land,#860abd,25087,AREA000206,0,0,164,249,81,126,81,126,3027,807,3191,1056,3108,933,3108,933
DST000255,land,#59bde8,5519,AREA000207,0,0,113,230,69,104,69,104,4416,808,4529,1038,4485,912,4485,912
DST000256,land,#e21ecc,1632,AREA000208,0,0,160,51,86,23,86,23,1494,811,1654,862,1580,834,1580,834
DST000257,land,#3a56be,4007,AREA000209,0,0,116,133,55,61,55,61,4385,822,4501,955,4440,883,4440,883
DST000258,land,#80d963,37174,AREA000210,0,0,261,209,126,95,126,95,3158,828,3419,1037,3284,923,3284,923
DST000259,land,#fb7def,8303,AREA000211,0,0,127,135,58,65,58,65,4343,854,4470,989,4401,919,4401,919
DST000260,land,#c0a20c,140,AREA000212,0,0,17,19,7,9,7,9,373,857,390,876,380,866,380,866
DST000261,land,#d6c574,545,AREA000213,0,0,35,28,16,13,16,13,4518,860,4553,888,4534,873,4534,873
DST000262,land,#2cc0de,297,AREA000214,0,0,43,28,27,15,27,15,1650,861,1693,889,1677,876,1677,876
DST000263,land,#f75859,777,AREA000215,0,0,55,34,21,15,21,15,1690,862,1745,896,1711,877,1711,877
DST000264,land,#815d99,8698,AREA000216,0,0,162,99,76,47,76,47,3484,876,3646,975,3560,923,3560,923
DST000265,land,#ae46da,1517,AREA000217,0,0,41,78,21,36,21,36,4692,882,4733,960,4713,918,4713,918
DST000266,land,#50c80d,126,AREA000218,0,0,31,10,15,5,15,5,1590,884,1621,894,1605,889,1605,889
DST000267,land,#638791,110,AREA000219,0,0,23,8,11,4,11,4,1764,884,1787,892,1775,888,1775,888
DST000268,land,#486c28,321,AREA000220,0,0,19,40,8,19,8,19,1419,884,1438,924,1427,903,1427,903
DST000269,land,#4260da,2050,AREA000221,0,0,101,87,37,41,37,41,3387,892,3488,979,3424,933,3424,933
DST000270,land,#9f5f2d,1905,AREA000222,0,0,60,62,29,33,29,33,1372,895,1432,957,1401,928,1401,928
DST000271,land,#71d7ad,3403,AREA000223,0,0,92,67,44,36,44,36,2545,913,2637,980,2589,949,2589,949
DST000272,land,#dd32e9,1928,AREA000224,0,0,92,46,41,18,41,18,1418,923,1510,969,1459,941,1459,941
DST000273,land,#ccc462,5009,AREA000225,0,0,123,84,59,43,59,43,2729,938,2852,1022,2788,981,2788,981
DST000274,land,#71f065,2268,AREA000226,0,0,66,66,38,33,38,33,1446,939,1512,1005,1484,972,1484,972
DST000275,land,#d66adb,21728,AREA000227,0,0,231,177,103,96,103,96,3333,942,3564,1119,3436,1038,3436,1038
DST000276,land,#90929d,3242,AREA000228,0,0,81,63,39,28,39,28,4419,946,4500,1009,4458,974,4458,974
DST000277,land,#231a90,287,AREA000229,0,0,37,20,20,11,20,11,1404,947,1441,967,1424,958,1424,958
DST000278,land,#314b91,51,AREA000230,0,0,15,20,8,9,8,9,4741,955,4756,975,4749,964,4749,964
DST000279,land,#8c4dac,17313,AREA000231,0,0,186,148,84,66,84,66,2858,957,3044,1105,2942,1023,2942,1023
DST000280,land,#e7c8c8,119,AREA000232,0,0,16,19,9,8,9,8,4702,962,4718,981,4711,970,4711,970
DST000281,land,#877379,8437,AREA000233,0,0,119,176,65,115,65,115,2950,969,3069,1145,3015,1084,3015,1084
DST000282,land,#d13ecb,379,AREA000234,0,0,41,25,22,9,22,9,2560,975,2601,1000,2582,984,2582,984
DST000283,land,#c6936c,4291,AREA000235,0,0,112,84,62,35,62,35,2582,975,2694,1059,2644,1010,2644,1010
DST000284,land,#3ce305,304,AREA000236,0,0,25,27,12,15,12,15,3470,974,3495,1001,3482,989,3482,989
DST000285,land,#972900,146,AREA000237,0,0,20,22,12,10,12,10,4762,977,4782,999,4774,987,4774,987
DST000286,land,#fee597,21268,AREA000238,0,0,184,260,92,133,92,133,1579,979,1763,1239,1671,1112,1671,1112
DST000287,land,#f9d709,1983,AREA000239,0,0,47,94,24,42,24,42,2828,980,2875,1074,2852,1022,2852,1022
DST000288,land,#47f65f,11689,AREA000240,0,0,182,134,96,76,96,76,3194,983,3376,1117,3290,1059,3290,1059
DST000289,land,#3b54c7,8655,AREA000241,0,0,160,211,73,113,73,113,3458,986,3618,1197,3531,1099,3531,1099
DST000290,land,#66a753,136,AREA000242,0,0,17,18,8,9,8,9,4726,989,4743,1007,4734,998,4734,998
DST000291,land,#3d6cd3,16852,AREA000243,0,0,209,171,111,72,111,72,1669,990,1878,1161,1780,1062,1780,1062
DST000292,land,#d03a50,1020,AREA000244,0,0,59,90,22,51,22,51,4355,993,4414,1083,4377,1044,4377,1044
DST000293,land,#efaa85,3025,AREA000245,0,0,98,54,56,27,56,27,3484,994,3582,1048,3540,1021,3540,1021
DST000294,land,#32bb77,750,AREA000246,0,0,47,43,25,18,25,18,1472,999,1519,1042,1497,1017,1497,1017
DST000295,land,#242869,4358,AREA000247,0,0,68,99,32,49,32,49,2765,999,2833,1098,2797,1048,2797,1048
DST000296,land,#1ef926,871,AREA000248,0,0,28,77,16,40,16,40,2815,1000,2843,1077,2831,1040,2831,1040
DST000297,land,#26ec98,11505,AREA000249,0,0,200,133,94,68,94,68,3042,1002,3242,1135,3136,1070,3136,1070
DST000298,land,#6e77e8,152,AREA000250,0,0,17,30,9,15,9,15,4733,1001,4750,1031,4742,1016,4742,1016
DST000299,land,#40b561,5836,AREA000251,0,0,94,98,46,47,46,47,2682,1007,2776,1105,2728,1054,2728,1054
DST000300,ocean,#16446e,170,AREA000252,0,0,16,23,8,13,8,13,1687,1008,1703,1031,1695,1021,1695,1021
DST000301,land,#e31eef,1160,AREA000253,0,0,42,47,22,22,22,22,2609,1017,2651,1064,2631,1039,2631,1039
DST000302,land,#c73960,1235,AREA000254,0,0,45,63,24,32,24,32,4752,1022,4797,1085,4776,1054,4776,1054
DST000303,land,#e3409c,1001,AREA000255,0,0,89,37,44,17,44,17,1517,1023,1606,1060,1561,1040,1561,1040
DST000304,land,#c9ffba,1098,AREA000256,0,0,32,58,14,32,14,32,4065,1022,4097,1080,4079,1054,4079,1054
DST000305,land,#12c85b,178,AREA000257,0,0,30,26,16,11,16,11,4725,1038,4755,1064,4741,1049,4741,1049
DST000306,land,#fd7c88,1601,AREA000258,0,0,63,63,34,31,34,31,2636,1041,2699,1104,2670,1072,2670,1072
DST000307,land,#1e7921,3689,AREA000259,0,0,72,111,37,55,37,55,1855,1043,1927,1154,1892,1098,1892,1098
DST000308,land,#65fc64,3127,AREA000260,0,0,150,94,79,51,79,51,4533,1065,4683,1159,4612,1116,4612,1116
DST000309,land,#0948fb,2233,AREA000261,0,0,63,82,32,40,32,40,4384,1070,4447,1152,4416,1110,4416,1110
DST000310,land,#b4be1d,2540,AREA000262,0,0,63,64,33,28,33,28,1907,1080,1970,1144,1940,1108,1940,1108
DST000311,land,#e01971,1399,AREA000263,0,0,45,55,20,28,20,28,1962,1084,2007,1139,1982,1112,1982,1112
DST000312,land,#a0a533,7633,AREA000264,0,0,168,179,98,95,98,95,4308,1085,4476,1264,4406,1180,4406,1180
DST000313,land,#ca4f09,44397,AREA000265,0,0,296,292,176,128,176,128,3009,1090,3305,1382,3185,1218,3185,1218
DST000314,land,#028f53,10830,AREA000267,0,0,122,149,61,68,61,68,3347,1096,3469,1245,3408,1164,3408,1164
DST000315,land,#def1dd,9598,AREA000268,0,0,157,132,80,71,80,71,4521,1105,4678,1237,4601,1176,4601,1176
DST000316,land,#04baa1,3693,AREA000269,0,0,84,87,42,42,42,42,3279,1108,3363,1195,3321,1150,3321,1150
DST000317,land,#739ce1,6073,AREA000270,0,0,117,135,64,70,64,70,2990,1116,3107,1251,3054,1186,3054,1186
DST000318,land,#0d7889,4557,AREA000271,0,0,87,95,45,44,45,44,2955,1138,3042,1233,3000,1182,3000,1182
DST000319,land,#b2399c,352,AREA000272,0,0,29,18,16,9,16,9,2964,1140,2993,1158,2980,1149,2980,1149
DST000320,land,#e6ea5c,458,AREA000273,0,0,83,26,41,14,41,14,4693,1147,4776,1173,4734,1161,4734,1161
DST000321,land,#35585f,90,AREA000274,0,0,19,19,10,10,10,10,4812,1149,4831,1168,4822,1159,4822,1159
DST000322,land,#08e6aa,4392,AREA000275,0,0,87,99,38,44,38,44,1550,1152,1637,1251,1588,1196,1588,1196
DST000323,ocean,#3547a8,402618,AREA000188,724,668,1425,1413,1094,1102,1107,1119,3892,1366,4593,2111,4262,1800,4275,1817
DST000324,ocean,#091573,285386,AREA000188,191,209,869,1038,546,664,572,684,3359,907,4037,1736,3714,1362,3740,1382
DST000325,ocean,#0f4ba5,251174,AREA000188,399,0,1380,851,865,488,889,493,3567,698,4548,1549,4033,1186,4057,1191
DST000326,ocean,#05468b,354717,AREA000188,0,803,745,1413,359,1169,362,1174,3168,1501,3913,2111,3527,1867,3530,1872
DST000327,lake,#182fb0,896,AREA000276,0,0,39,43,19,21,19,21,3312,1169,3351,1212,3331,1190,3331,1190
DST000328,land,#fb2374,24642,AREA000277,0,0,196,285,108,141,108,141,1543,1175,1739,1460,1651,1316,1651,1316
DST000329,land,#41cb40,2016,AREA000278,0,0,66,88,28,41,28,41,4676,1174,4742,1262,4704,1215,4704,1215
DST000330,land,#1e8cdd,35463,AREA000266,230,13,480,240,333,143,331,145,1888,1105,2138,1332,1991,1235,1989,1237
DST000331,land,#536d88,42522,AREA000266,388,119,612,435,493,263,491,275,2046,1211,2270,1527,2151,1355,2149,1367
DST000332,land,#4e146b,40900,AREA000266,0,0,235,284,140,154,135,157,1658,1092,1893,1376,1798,1246,1793,1249
DST000333,land,#392433,30292,AREA000266,177,226,415,428,306,317,305,325,1835,1318,2073,1520,1964,1409,1963,1417
DST000334,land,#705a85,23507,AREA000266,257,376,500,609,363,471,356,483,1915,1468,2158,1701,2021,1563,2014,1575
DST000335,land,#819510,566,AREA000279,0,0,42,33,20,16,20,16,2015,1170,2057,1203,2035,1186,2035,1186
DST000336,land,#500c69,834,AREA000280,0,0,50,31,28,15,28,15,4868,1179,4918,1210,4896,1194,4896,1194
DST000337,land,#8cf827,16798,AREA000281,0,0,168,167,83,85,83,85,3280,1189,3448,1356,3363,1274,3363,1274
DST000338,land,#5c6435,357,AREA000282,0,0,31,26,16,14,16,14,3268,1191,3299,1217,3284,1205,3284,1205
DST000339,land,#123791,5709,AREA000283,0,0,136,117,92,45,92,45,4887,1197,5023,1314,4979,1242,4979,1242
DST000340,land,#12337a,113,AREA000284,0,0,23,22,12,10,12,10,4463,1198,4486,1220,4475,1208,4475,1208
DST000341,land,#731abc,340,AREA000285,0,0,26,32,12,15,12,15,3272,1210,3298,1242,3284,1225,3284,1225
DST000342,land,#ddeff9,7150,AREA000286,0,0,151,125,52,62,52,62,5022,1215,5173,1340,5074,1277,5074,1277
DST000343,land,#a201a3,184,AREA000287,0,0,43,15,21,6,21,6,4821,1217,4864,1232,4842,1223,4842,1223
DST000344,land,#d080a3,103,AREA000288,0,0,19,11,10,5,10,5,4789,1222,4808,1233,4799,1227,4799,1227
DST000345,lake,#213f65,384,AREA000289,0,0,32,76,10,39,10,39,3272,1234,3304,1310,3282,1273,3282,1273
DST000346,land,#028c0d,451,AREA000290,0,0,63,31,36,20,36,20,5139,1240,5202,1271,5175,1260,5175,1260
DST000347,land,#6b21f5,56,AREA000291,0,0,14,20,6,9,6,9,3005,1243,3019,1263,3011,1252,3011,1252
DST000348,land,#0e1b8e,93,AREA000292,0,0,18,20,9,11,9,11,5239,1260,5257,1280,5248,1271,5248,1271
DST000349,land,#5375b4,24182,AREA000293,0,0,192,190,91,101,91,101,3000,1265,3192,1455,3091,1366,3091,1366
DST000350,land,#83c512,2057,AREA000294,0,0,138,42,68,21,68,21,4469,1266,4607,1308,4537,1287,4537,1287
DST000351,land,#e6650c,158,AREA000295,0,0,19,16,10,9,10,9,4973,1288,4992,1304,4983,1297,4983,1297
DST000352,land,#7b70c0,52,AREA000296,0,0,19,9,10,4,10,4,4608,1300,4627,1309,4618,1304,4618,1304
DST000353,land,#2ec82c,14320,AREA000297,0,0,181,152,90,81,90,81,3161,1303,3342,1455,3251,1384,3251,1384
DST000354,land,#20b302,132,AREA000298,0,0,38,9,18,5,18,5,4691,1303,4729,1312,4709,1308,4709,1308
DST000355,land,#e44395,161,AREA000299,0,0,33,15,14,7,14,7,4774,1304,4807,1319,4788,1311,4788,1311
DST000356,land,#899bc1,85,AREA000300,0,0,22,10,12,5,12,5,4641,1305,4663,1315,4653,1310,4653,1310
DST000357,land,#f54fcd,163,AREA000301,0,0,24,20,12,10,12,10,4750,1315,4774,1335,4762,1325,4762,1325
DST000358,land,#3c0d20,51,AREA000302,0,0,17,10,8,6,8,6,5316,1318,5333,1328,5324,1324,5324,1324
DST000359,land,#61e5be,129,AREA000303,0,0,28,14,15,6,15,6,4679,1320,4707,1334,4694,1326,4694,1326
DST000360,lake,#19027b,357,AREA000304,0,0,20,74,9,38,9,38,3347,1322,3367,1396,3356,1360,3356,1360
DST000361,land,#6860c4,1484,AREA000305,0,0,48,113,23,62,23,62,3329,1323,3377,1436,3352,1385,3352,1385
DST000362,land,#9842a9,21510,AREA000306,0,0,188,205,77,109,77,109,1726,1326,1914,1531,1803,1435,1803,1435
DST000363,land,#e45a30,15017,AREA000307,0,0,165,255,82,106,82,106,3290,1338,3455,1593,3372,1444,3372,1444
DST000364,land,#38305a,11656,AREA000309,0,0,112,210,53,113,53,113,3494,1363,3606,1573,3547,1476,3547,1476
DST000365,land,#a2bf23,7662,AREA000310,0,0,120,105,71,53,71,53,3212,1418,3332,1523,3283,1471,3283,1471
DST000366,land,#7da0cb,16621,AREA000311,0,0,208,187,85,81,85,81,3000,1439,3208,1626,3085,1520,3085,1520
DST000367,land,#02b457,148,AREA000312,0,0,20,14,10,7,10,7,5592,1445,5612,1459,5602,1452,5602,1452
DST000368,land,#6224e0,11943,AREA000313,0,0,126,504,61,258,61,258,1639,1449,1765,1953,1700,1707,1700,1707
DST000369,land,#962a23,11745,AREA000314,0,0,142,142,59,70,59,70,3129,1451,3271,1593,3188,1521,3188,1521
DST000370,land,#8d711b,8026,AREA000315,0,0,130,129,66,62,66,62,1835,1475,1965,1604,1901,1537,1901,1537
DST000371,land,#da688e,177,AREA000316,0,0,43,32,20,16,20,16,5387,1491,5430,1523,5407,1507,5407,1507
DST000372,land,#d89508,26300,AREA000318,0,0,256,197,134,107,134,107,3074,1520,3330,1717,3208,1627,3208,1627
DST000373,land,#29b9e6,41007,AREA000308,210,0,535,213,371,122,384,124,4802,1342,5127,1555,4963,1464,4976,1466
DST000374,land,#3abd2f,31250,AREA000308,243,195,455,432,365,292,370,295,4835,1537,5047,1774,4957,1634,4962,1637
DST000375,land,#15beb3,38487,AREA000308,449,141,629,439,530,298,536,299,5041,1483,5221,1781,5122,1640,5128,1641
DST000376,land,#b0720d,57499,AREA000308,0,49,272,380,141,232,145,227,4592,1391,4864,1722,4733,1574,4737,1569
DST000377,land,#dd7d15,288,AREA000319,0,0,20,24,11,12,11,12,3298,1577,3318,1601,3309,1589,3309,1589
DST000378,land,#5ae600,546,AREA000320,0,0,36,31,18,14,18,14,3240,1622,3276,1653,3258,1636,3258,1636
DST000379,land,#2f391d,3824,AREA000321,0,0,83,75,38,42,38,42,1900,1645,1983,1720,1938,1687,1938,1687
DST000380,land,#8080eb,35721,AREA000317,0,162,263,476,102,299,109,281,1665,1677,1928,1991,1767,1814,1774,1796
DST000381,land,#c6c9d6,31784,AREA000317,46,0,310,222,162,108,165,92,1711,1515,1975,1737,1827,1623,1830,1607
DST000382,ocean,#1a1aa2,110,AREA000322,0,0,23,24,12,12,12,12,2000,1648,2023,1672,2012,1660,2012,1660
DST000383,land,#aa00e3,128,AREA000323,0,0,21,22,12,10,12,10,5527,1720,5548,1742,5539,1730,5539,1730
DST000384,land,#be627b,2090,AREA000324,0,0,73,75,34,35,34,35,5537,1749,5610,1824,5571,1784,5571,1784
DST000385,land,#75b273,3533,AREA000325,0,0,118,94,60,53,60,53,5426,1809,5544,1903,5486,1862,5486,1862
DST000386,land,#79a3dd,1385,AREA000326,0,0,57,46,30,21,30,21,5081,1810,5138,1856,5111,1831,5111,1831
DST000387,land,#6f73fd,106,AREA000327,0,0,14,25,7,14,7,14,1652,1827,1666,1852,1659,1841,1659,1841
DST000388,land,#3e5f07,50,AREA000328,0,0,13,11,8,6,8,6,1806,1833,1819,1844,1814,1839,1814,1839
DST000389,land,#242a42,268,AREA000329,0,0,38,41,17,20,17,20,1646,1952,1684,1993,1663,1972,1663,1972
DST000390,land,#995999,446,AREA000330,0,0,59,43,26,19,26,19,1669,1981,1728,2024,1695,2000,1695,2000
DST000391,land,#3ee181,455,AREA000331,0,0,31,42,16,20,16,20,1712,1995,1743,2037,1728,2015,1728,2015
DST000392,ocean,#0635b2,61,AREA000332,0,0,11,26,4,13,4,13,1705,1999,1716,2025,1709,2012,1709,2012
DST000393,land,#298f21,480,AREA000333,0,0,53,29,18,18,18,18,1741,2008,1794,2037,1759,2026,1759,2026
