region_type,region_id,parent_id,color,local_x,local_y,global_x,global_y,bbox_local,bbox,density_multiplier
ocean,TRT000001,2,#1d3a6b,312.35,37.84,1174.35,37.84,"[0, 0, 465, 114]","[862, 0, 1327, 114]",1.0
ocean,TRT000002,3,#12246b,28.01,3.19,1055.01,3.19,"[0, 0, 62, 9]","[1027, 0, 1089, 9]",0.4
land,TRT000003,4,#31f749,19.54,1.72,1335.54,1.72,"[0, 0, 37, 5]","[1316, 0, 1353, 5]",0.4
ocean,TRT000004,5,#142393,105.02,47.32,1426.02,47.32,"[0, 0, 238, 122]","[1321, 0, 1559, 122]",0.25
land,TRT000005,6,#fa61d1,15.78,2.13,1407.78,2.13,"[0, 0, 33, 6]","[1392, 0, 1425, 6]",0.4
land,TRT000006,7,#b25108,39.39,2.88,1468.39,2.88,"[0, 0, 81, 8]","[1429, 0, 1510, 8]",0.25
land,TRT000007,8,#c6a415,23.53,2.66,1536.53,2.66,"[0, 0, 48, 8]","[1513, 0, 1561, 8]",0.25
ocean,TRT000008,1,#281b86,131.95,184.25,131.95,184.25,"[0, 0, 356, 373]","[0, 0, 356, 373]",0.51
ocean,TRT000009,1,#1b036e,561.87,37.63,561.87,37.63,"[225, 0, 876, 95]","[225, 0, 876, 95]",0.51
land,TRT000010,13,#c1fd64,44.02,11.57,3705.02,11.57,"[0, 0, 99, 29]","[3661, 0, 3760, 29]",0.4
land,TRT000011,10,#97981a,80.62,27.54,2003.62,27.54,"[0, 0, 154, 76]","[1923, 0, 2077, 76]",0.65
land,TRT000012,10,#d45b00,125.95,111.99,2048.95,111.99,"[60, 30, 168, 189]","[1983, 30, 2091, 189]",0.65
land,TRT000013,10,#17afd2,210.74,100.61,2133.74,100.61,"[168, 46, 278, 156]","[2091, 46, 2201, 156]",0.65
land,TRT000014,10,#9c323a,338.19,60.81,2261.19,60.81,"[271, 0, 400, 129]","[2194, 0, 2323, 129]",0.65
land,TRT000015,10,#03ad2f,227.9,30.96,2150.9,30.96,"[152, 0, 301, 83]","[2075, 0, 2224, 83]",0.65
land,TRT000016,10,#352fd7,463.57,45.24,2386.57,45.24,"[387, 0, 573, 108]","[2310, 0, 2496, 108]",0.65
ocean,TRT000017,9,#2103b1,395.77,226.2,1953.77,226.2,"[245, 77, 567, 351]","[1803, 77, 2125, 351]",1.0
ocean,TRT000018,9,#2b3788,254.5,72.47,1812.5,72.47,"[0, 0, 451, 224]","[1558, 0, 2009, 224]",1.0
ocean,TRT000019,16,#201372,10.75,5.85,2501.75,5.85,"[0, 0, 25, 11]","[2491, 0, 2516, 11]",0.91
ocean,TRT000020,12,#33237d,241.9,55.06,3413.9,55.06,"[0, 0, 451, 174]","[3172, 0, 3623, 174]",1.0
ocean,TRT000021,12,#1620ae,667.63,43.44,3839.63,43.44,"[427, 0, 1007, 136]","[3599, 0, 4179, 136]",1.0
land,TRT000022,17,#95bc95,21.88,8.85,4558.88,11.85,"[0, 0, 47, 17]","[4537, 3, 4584, 20]",0.85
land,TRT000023,18,#e610cb,69.1,23.28,917.1,29.28,"[0, 0, 160, 54]","[848, 6, 1008, 60]",0.25
ocean,TRT000024,19,#33277c,10.43,3.1,4578.43,9.1,"[0, 0, 23, 8]","[4568, 6, 4591, 14]",0.55
ocean,TRT000025,15,#082892,328.21,20.51,4897.21,20.51,"[0, 0, 584, 66]","[4569, 0, 5153, 66]",1.0
ocean,TRT000026,15,#25489b,838.99,38.06,5407.99,38.06,"[576, 0, 1063, 97]","[5145, 0, 5632, 97]",1.0
land,TRT000027,20,#628096,34.01,13.64,1351.01,25.64,"[0, 0, 84, 36]","[1317, 12, 1401, 48]",0.25
ocean,TRT000028,21,#1031a3,31.28,9.65,4516.28,20.65,"[0, 0, 56, 17]","[4485, 11, 4541, 28]",0.85
ocean,TRT000029,22,#05498b,22.4,5.43,5040.4,21.43,"[0, 0, 45, 12]","[5018, 16, 5063, 28]",0.25
land,TRT000030,23,#2760fb,56.74,19.74,1264.74,34.74,"[0, 0, 99, 42]","[1208, 15, 1307, 57]",0.25
land,TRT000031,24,#c9d017,237.79,80.4,1643.79,97.4,"[0, 0, 441, 188]","[1406, 17, 1847, 205]",0.25
ocean,TRT000032,25,#2f117d,18.4,4.73,1161.4,23.73,"[0, 0, 36, 14]","[1143, 19, 1179, 33]",0.25
land,TRT000033,26,#622fa3,33.66,8.2,1583.66,26.2,"[0, 0, 72, 16]","[1550, 18, 1622, 34]",0.55
land,TRT000034,27,#24f274,45.06,23.99,3666.06,45.99,"[0, 0, 89, 46]","[3621, 22, 3710, 68]",0.25
land,TRT000035,28,#f85ee0,134.69,39.02,1085.69,63.02,"[0, 0, 279, 77]","[951, 24, 1230, 101]",0.25
land,TRT000036,29,#266478,20.18,9.34,1570.18,36.34,"[0, 0, 50, 18]","[1550, 27, 1600, 45]",0.7
land,TRT000037,30,#7d9cce,18.53,3.63,2405.53,29.63,"[0, 0, 38, 9]","[2387, 26, 2425, 35]",0.72
ocean,TRT000038,31,#2633ac,125.8,44.98,973.8,77.98,"[0, 0, 320, 88]","[848, 33, 1168, 121]",1.0
land,TRT000039,32,#b6d6e1,16.26,9.32,2446.26,34.32,"[0, 0, 35, 19]","[2430, 25, 2465, 44]",0.91
land,TRT000040,34,#fc07eb,9.28,8.01,4113.28,58.01,"[0, 0, 19, 16]","[4104, 50, 4123, 66]",0.8
land,TRT000041,35,#92895f,14.74,4.25,14.74,57.25,"[0, 0, 36, 10]","[0, 53, 36, 63]",0.25
land,TRT000042,36,#f32aa6,9.61,5.56,5623.61,59.56,"[0, 0, 18, 11]","[5614, 54, 5632, 65]",0.95
land,TRT000043,38,#240a88,20.92,6.89,2397.92,65.89,"[0, 0, 41, 13]","[2377, 59, 2418, 72]",0.78
land,TRT000044,39,#add3cf,87.13,21.38,3172.13,83.38,"[0, 0, 173, 47]","[3085, 62, 3258, 109]",2.23
land,TRT000045,40,#f62145,18.65,10.21,3274.65,74.21,"[0, 0, 43, 24]","[3256, 64, 3299, 88]",0.89
land,TRT000046,37,#1eb287,142.19,108.41,330.19,164.41,"[0, 0, 232, 245]","[188, 56, 420, 301]",0.25
land,TRT000047,37,#89d43b,323.16,95.68,511.16,151.68,"[221, 7, 449, 190]","[409, 63, 637, 246]",0.25
ocean,TRT000048,41,#0a36b2,13.81,6.24,3746.81,76.24,"[0, 0, 30, 13]","[3733, 70, 3763, 83]",0.65
ocean,TRT000049,42,#343476,210.58,143.38,1541.58,214.38,"[0, 0, 473, 301]","[1331, 71, 1804, 372]",1.0
land,TRT000050,43,#75e76a,22.09,7.7,1743.09,80.7,"[0, 0, 43, 19]","[1721, 73, 1764, 92]",0.4
land,TRT000051,44,#de84a3,20.21,7.64,1978.21,79.64,"[0, 0, 45, 16]","[1958, 72, 2003, 88]",1.0
ocean,TRT000052,45,#054d7e,14.69,5.64,763.69,80.64,"[0, 0, 30, 12]","[749, 75, 779, 87]",0.7
ocean,TRT000053,47,#013f99,10.85,3.17,5455.85,80.17,"[0, 0, 23, 7]","[5445, 77, 5468, 84]",1.0
land,TRT000054,48,#b458f8,27.24,12.51,1291.24,91.51,"[0, 0, 53, 26]","[1264, 79, 1317, 105]",0.25
land,TRT000055,46,#c6d8b7,23.0,134.0,3167.0,210.0,"[23, 134, 24, 135]","[3167, 210, 3168, 211]",2.23
land,TRT000056,46,#1cae31,60.08,44.63,3204.08,120.63,"[0, 12, 94, 83]","[3144, 88, 3238, 159]",2.23
land,TRT000057,46,#46a611,105.11,30.54,3249.11,106.54,"[75, 0, 141, 63]","[3219, 76, 3285, 139]",2.23
land,TRT000058,46,#77c51b,117.87,99.22,3261.87,175.22,"[76, 59, 166, 149]","[3220, 135, 3310, 225]",2.23
land,TRT000059,46,#9cd522,53.46,124.28,3197.46,200.28,"[3, 80, 109, 159]","[3147, 156, 3253, 235]",2.23
ocean,TRT000060,50,#3a21a4,20.66,16.47,1324.66,99.47,"[0, 0, 46, 41]","[1304, 83, 1350, 124]",0.95
ocean,TRT000061,51,#091594,12.68,5.63,3584.68,90.63,"[0, 0, 29, 13]","[3572, 85, 3601, 98]",0.42
land,TRT000062,52,#66591d,12.37,7.75,4026.37,98.75,"[0, 0, 24, 20]","[4014, 91, 4038, 111]",0.7
land,TRT000063,54,#8cb1aa,64.25,38.13,64.25,132.13,"[0, 0, 151, 73]","[0, 94, 151, 167]",0.25
land,TRT000064,33,#39d060,347.06,293.29,955.06,339.29,"[238, 204, 437, 366]","[846, 250, 1045, 412]",0.25
land,TRT000065,33,#01fba7,515.41,279.98,1123.41,325.98,"[424, 177, 612, 361]","[1032, 223, 1220, 407]",0.25
land,TRT000066,33,#bcf382,715.92,282.94,1323.92,328.94,"[610, 178, 873, 375]","[1218, 224, 1481, 421]",0.25
land,TRT000067,33,#6ad86b,379.98,122.96,987.98,168.96,"[245, 31, 488, 220]","[853, 77, 1096, 266]",0.25
land,TRT000068,33,#ae75ab,225.28,193.85,833.28,239.85,"[114, 40, 321, 336]","[722, 86, 929, 382]",0.25
land,TRT000069,33,#564a23,97.21,109.04,705.21,155.04,"[0, 25, 236, 212]","[608, 71, 844, 258]",0.25
land,TRT000070,33,#d2a471,238.0,84.0,846.0,130.0,"[238, 84, 239, 85]","[846, 130, 847, 131]",0.25
land,TRT000071,33,#bfceea,582.42,137.93,1190.42,183.93,"[487, 53, 680, 238]","[1095, 99, 1288, 284]",0.25
land,TRT000072,33,#8752aa,768.97,89.05,1376.97,135.05,"[663, 0, 936, 184]","[1271, 46, 1544, 230]",0.25
land,TRT000073,53,#5f3f95,81.39,51.57,3071.39,143.57,"[41, 8, 109, 81]","[3031, 100, 3099, 173]",2.23
land,TRT000074,53,#56383c,41.73,110.44,3031.73,202.44,"[15, 73, 72, 147]","[3005, 165, 3062, 239]",2.23
land,TRT000075,53,#3fd113,130.66,47.12,3120.66,139.12,"[100, 8, 163, 88]","[3090, 100, 3153, 180]",2.23
land,TRT000076,53,#2a1b77,36.99,176.82,3026.99,268.82,"[0, 143, 75, 215]","[2990, 235, 3065, 307]",2.23
land,TRT000077,53,#a4455b,81.24,153.27,3071.24,245.27,"[49, 124, 123, 202]","[3039, 216, 3113, 294]",2.23
land,TRT000078,53,#b50ebd,89.55,94.7,3079.55,186.7,"[59, 71, 129, 128]","[3049, 163, 3119, 220]",2.23
land,TRT000079,53,#5e089d,170.34,29.15,3160.34,121.15,"[140, 0, 203, 62]","[3130, 92, 3193, 154]",2.23
land,TRT000080,49,#7539d6,144.96,196.96,3389.96,275.96,"[98, 148, 188, 244]","[3343, 227, 3433, 323]",1.0
land,TRT000081,49,#502635,223.28,259.01,3468.28,338.01,"[180, 221, 277, 312]","[3425, 300, 3522, 391]",1.0
land,TRT000082,49,#09d70b,244.82,351.28,3489.82,430.28,"[201, 307, 293, 417]","[3446, 386, 3538, 496]",1.0
land,TRT000083,49,#a9e17f,162.9,117.82,3407.9,196.82,"[102, 74, 218, 161]","[3347, 153, 3463, 240]",1.0
land,TRT000084,49,#733b6b,280.9,287.59,3525.9,366.59,"[236, 221, 320, 340]","[3481, 300, 3565, 419]",1.0
land,TRT000085,49,#765553,155.73,277.31,3400.73,356.31,"[106, 239, 203, 319]","[3351, 318, 3448, 398]",1.0
land,TRT000086,49,#450bff,197.76,378.05,3442.76,457.05,"[148, 316, 241, 419]","[3393, 395, 3486, 498]",1.0
land,TRT000087,49,#b98e22,223.85,185.37,3468.85,264.37,"[179, 131, 281, 224]","[3424, 210, 3526, 303]",1.0
land,TRT000088,49,#b2fc41,60.32,165.66,3305.32,244.66,"[0, 112, 121, 218]","[3245, 191, 3366, 297]",1.0
land,TRT000089,49,#de1a6c,86.26,236.76,3331.26,315.76,"[27, 198, 129, 281]","[3272, 277, 3374, 360]",1.0
land,TRT000090,49,#8918a2,99.86,49.26,3344.86,128.26,"[17, 0, 219, 114]","[3262, 79, 3464, 193]",1.0
land,TRT000091,49,#13063e,293.16,393.42,3538.16,472.42,"[241, 338, 340, 450]","[3486, 417, 3585, 529]",1.0
ocean,TRT000092,55,#1c4195,21.78,6.39,1137.78,100.39,"[0, 0, 46, 15]","[1116, 94, 1162, 109]",0.48
land,TRT000093,56,#bded79,17.33,7.8,1623.33,111.8,"[0, 0, 35, 17]","[1606, 104, 1641, 121]",0.25
land,TRT000094,14,#6a136a,241.46,311.55,3679.46,311.55,"[114, 227, 369, 393]","[3552, 227, 3807, 393]",0.25
land,TRT000095,14,#4e2588,474.74,253.53,3912.74,253.53,"[361, 141, 562, 336]","[3799, 141, 4000, 336]",0.25
land,TRT000096,14,#1b87ff,648.46,267.32,4086.46,267.32,"[558, 159, 737, 378]","[3996, 159, 4175, 378]",0.25
land,TRT000097,14,#8bc69e,812.15,246.22,4250.15,246.22,"[718, 161, 907, 342]","[4156, 161, 4345, 342]",0.25
land,TRT000098,14,#79ff65,985.1,230.3,4423.1,230.3,"[897, 144, 1086, 331]","[4335, 144, 4524, 331]",0.25
land,TRT000099,14,#29223b,1239.05,215.86,4677.05,215.86,"[1153, 128, 1305, 311]","[4591, 128, 4743, 311]",0.25
land,TRT000100,14,#0c8a28,1445.51,120.06,4883.51,120.06,"[1357, 23, 1520, 229]","[4795, 23, 4958, 229]",0.25
land,TRT000101,14,#db3640,789.9,87.06,4227.9,87.06,"[678, 0, 896, 179]","[4116, 0, 4334, 179]",0.25
land,TRT000102,14,#eee5b9,592.9,117.47,4030.9,117.47,"[472, 20, 695, 214]","[3910, 20, 4133, 214]",0.25
land,TRT000103,14,#2a6397,1129.07,98.55,4567.07,98.55,"[1047, 15, 1213, 186]","[4485, 15, 4651, 186]",0.25
land,TRT000104,14,#296645,1797.93,135.72,5235.93,135.72,"[1694, 41, 1902, 251]","[5132, 41, 5340, 251]",0.25
land,TRT000105,14,#cb5b05,973.41,70.08,4411.41,70.08,"[881, 0, 1134, 161]","[4319, 0, 4572, 161]",0.25
land,TRT000106,14,#d7c5a2,212.47,169.43,3650.47,169.43,"[125, 94, 287, 256]","[3563, 94, 3725, 256]",0.25
land,TRT000107,14,#c932c4,1635.15,201.94,5073.15,201.94,"[1515, 102, 1761, 300]","[4953, 102, 5199, 300]",0.25
land,TRT000108,14,#b91f87,1499.0,233.0,4937.0,233.0,"[1499, 233, 1500, 234]","[4937, 233, 4938, 234]",0.25
land,TRT000109,14,#43b206,1124.56,267.46,4562.56,267.46,"[1035, 186, 1223, 340]","[4473, 186, 4661, 340]",0.25
land,TRT000110,14,#3a5695,381.43,152.9,3819.43,152.9,"[285, 27, 518, 292]","[3723, 27, 3956, 292]",0.25
land,TRT000111,14,#45c3e4,1398.58,238.55,4836.58,238.55,"[1292, 132, 1522, 319]","[4730, 132, 4960, 319]",0.25
land,TRT000112,14,#7bb72e,1287.64,82.95,4725.64,82.95,"[1205, 17, 1372, 158]","[4643, 17, 4810, 158]",0.25
land,TRT000113,14,#1a9557,1591.4,103.69,5029.4,103.69,"[1512, 33, 1697, 217]","[4950, 33, 5135, 217]",0.25
land,TRT000114,14,#354a13,92.9,208.37,3530.9,208.37,"[0, 100, 167, 337]","[3438, 100, 3605, 337]",0.25
land,TRT000115,14,#cb3717,2003.38,178.36,5441.38,178.36,"[1814, 76, 2194, 375]","[5252, 76, 5632, 375]",0.25
land,TRT000116,57,#ac1ff0,82.86,110.06,2977.86,212.06,"[49, 66, 122, 153]","[2944, 168, 3017, 255]",2.23
land,TRT000117,57,#86579a,31.94,125.15,2926.94,227.15,"[0, 84, 63, 163]","[2895, 186, 2958, 265]",2.23
land,TRT000118,57,#11b713,132.36,44.75,3027.36,146.75,"[82, 0, 181, 86]","[2977, 102, 3076, 188]",2.23
land,TRT000119,58,#f914c3,172.92,23.97,2201.92,135.97,"[111, 0, 249, 69]","[2140, 112, 2278, 181]",1.0
land,TRT000120,58,#5232ab,76.97,75.68,2105.97,187.68,"[0, 24, 140, 122]","[2029, 136, 2169, 234]",1.0
land,TRT000121,59,#73d61c,22.21,8.18,1995.21,113.18,"[0, 0, 42, 18]","[1973, 105, 2015, 123]",0.85
land,TRT000122,60,#78e27d,18.46,5.54,1996.46,124.54,"[0, 0, 38, 14]","[1978, 119, 2016, 133]",0.85
land,TRT000123,61,#6206a4,36.54,15.23,927.54,139.23,"[0, 0, 82, 33]","[891, 124, 973, 157]",1.0
land,TRT000124,62,#317dba,71.06,24.55,2531.06,156.55,"[0, 0, 141, 49]","[2460, 132, 2601, 181]",2.23
land,TRT000125,63,#42bccc,9.76,7.46,2467.76,141.46,"[0, 0, 22, 15]","[2458, 134, 2480, 149]",0.7
land,TRT000126,64,#4ea3b1,44.48,22.72,1495.48,164.72,"[0, 0, 105, 43]","[1451, 142, 1556, 185]",0.25
ocean,TRT000127,65,#2a4c77,139.28,107.02,3127.28,249.02,"[0, 0, 294, 189]","[2988, 142, 3282, 331]",3.06
lake,TRT000128,66,#200d82,9.15,4.88,920.15,150.88,"[0, 0, 20, 11]","[911, 146, 931, 157]",0.4
land,TRT000129,67,#72b563,21.22,9.02,1613.22,158.02,"[0, 0, 43, 19]","[1592, 149, 1635, 168]",0.25
ocean,TRT000130,69,#204b9c,12.06,4.63,152.06,180.63,"[0, 0, 25, 11]","[140, 176, 165, 187]",0.56
ocean,TRT000131,70,#2d2a68,14.51,5.72,1516.51,192.72,"[0, 0, 31, 13]","[1502, 187, 1533, 200]",0.29
lake,TRT000132,72,#0225ae,31.76,15.37,1021.76,209.37,"[0, 0, 63, 27]","[990, 194, 1053, 221]",1.0
ocean,TRT000133,73,#221d9a,7.27,5.67,1566.27,201.67,"[0, 0, 16, 13]","[1559, 196, 1575, 209]",0.25
land,TRT000134,71,#475a1e,85.35,103.19,1652.35,297.19,"[0, 0, 160, 203]","[1567, 194, 1727, 397]",0.25
land,TRT000135,71,#040b2b,226.52,112.67,1793.52,306.67,"[153, 36, 348, 173]","[1720, 230, 1915, 367]",0.25
lake,TRT000136,74,#2f4991,22.23,13.22,3308.23,220.22,"[0, 0, 45, 28]","[3286, 207, 3331, 235]",1.0
ocean,TRT000137,76,#1f4e69,12.07,3.86,211.07,231.86,"[0, 0, 23, 9]","[199, 228, 222, 237]",0.34
land,TRT000138,77,#477df2,14.75,8.59,647.75,243.59,"[0, 0, 31, 21]","[633, 235, 664, 256]",0.43
land,TRT000139,78,#0023c7,15.26,14.78,690.26,252.78,"[0, 0, 29, 30]","[675, 238, 704, 268]",0.4
land,TRT000140,79,#67cb97,13.3,18.25,709.3,257.25,"[0, 0, 26, 34]","[696, 239, 722, 273]",0.38
land,TRT000141,80,#dd86c7,36.79,14.06,3219.79,254.06,"[0, 0, 71, 33]","[3183, 240, 3254, 273]",2.23
land,TRT000142,81,#66410e,9.82,5.01,672.82,255.01,"[0, 0, 21, 11]","[663, 250, 684, 261]",0.3
land,TRT000143,82,#913a7b,31.76,38.7,2756.76,289.7,"[0, 0, 68, 77]","[2725, 251, 2793, 328]",1.6
land,TRT000144,82,#2fa16b,64.37,102.73,2789.37,353.73,"[10, 61, 119, 137]","[2735, 312, 2844, 388]",1.6
land,TRT000145,83,#352378,60.78,18.81,3205.78,282.81,"[0, 0, 113, 38]","[3145, 264, 3258, 302]",2.23
land,TRT000146,84,#aaf9e2,31.47,23.96,749.47,289.96,"[0, 0, 63, 55]","[718, 266, 781, 321]",0.4
land,TRT000147,85,#b38297,4.87,6.09,3104.87,273.09,"[0, 0, 11, 14]","[3100, 267, 3111, 281]",0.54
ocean,TRT000148,86,#0e3774,7.57,4.74,2973.57,275.74,"[0, 0, 15, 10]","[2966, 271, 2981, 281]",0.98
land,TRT000149,87,#ad2000,8.8,9.76,700.8,276.76,"[0, 0, 16, 25]","[692, 267, 708, 292]",0.28
land,TRT000150,88,#9e8b9b,17.85,16.68,2961.85,295.68,"[0, 0, 43, 36]","[2944, 279, 2987, 315]",2.23
land,TRT000151,89,#e785e7,43.49,16.69,3189.49,306.69,"[0, 0, 87, 40]","[3146, 290, 3233, 330]",2.23
land,TRT000152,90,#b6cf7f,103.48,37.09,3283.48,331.09,"[71, 0, 147, 77]","[3251, 294, 3327, 371]",2.23
land,TRT000153,90,#bdc104,61.78,40.79,3241.78,334.79,"[38, 3, 89, 74]","[3218, 297, 3269, 368]",2.23
land,TRT000154,90,#c2bb4b,23.6,50.54,3203.6,344.54,"[0, 27, 44, 71]","[3180, 321, 3224, 365]",2.23
land,TRT000155,91,#349670,11.02,12.59,737.02,300.59,"[0, 0, 24, 27]","[726, 288, 750, 315]",0.4
ocean,TRT000156,92,#12448a,14.91,6.27,283.91,303.27,"[0, 0, 33, 16]","[269, 297, 302, 313]",0.55
land,TRT000157,93,#cd1139,9.72,6.8,2999.72,304.8,"[0, 0, 19, 17]","[2990, 298, 3009, 315]",0.88
lake,TRT000158,94,#243a80,59.36,36.59,4502.36,336.59,"[0, 0, 94, 68]","[4443, 300, 4537, 368]",0.85
ocean,TRT000159,11,#374586,449.12,761.14,1989.12,761.14,"[283, 606, 614, 894]","[1823, 606, 2154, 894]",0.51
ocean,TRT000160,11,#092e90,727.46,1126.42,2267.46,1126.42,"[537, 977, 928, 1269]","[2077, 977, 2468, 1269]",0.51
ocean,TRT000161,11,#121e83,749.17,658.49,2289.17,658.49,"[566, 496, 934, 839]","[2106, 496, 2474, 839]",0.51
ocean,TRT000162,11,#1a1474,319.37,550.02,1859.37,550.02,"[143, 378, 495, 717]","[1683, 378, 2035, 717]",0.51
ocean,TRT000163,11,#2b1a91,533.95,439.39,2073.95,439.39,"[350, 244, 687, 615]","[1890, 244, 2227, 615]",0.51
ocean,TRT000164,11,#31076a,1028.31,543.97,2568.31,543.97,"[839, 362, 1260, 767]","[2379, 362, 2800, 767]",0.51
ocean,TRT000165,11,#284cb2,757.58,314.41,2297.58,314.41,"[576, 105, 948, 497]","[2116, 105, 2488, 497]",0.51
ocean,TRT000166,11,#2d4ca5,168.3,720.41,1708.3,720.41,"[0, 530, 315, 890]","[1540, 530, 1855, 890]",0.51
ocean,TRT000167,11,#322588,919.43,933.56,2459.43,933.56,"[773, 731, 1077, 1147]","[2313, 731, 2617, 1147]",0.51
ocean,TRT000168,11,#1449a6,447.76,1009.13,1987.76,1009.13,"[275, 879, 580, 1194]","[1815, 879, 2120, 1194]",0.51
ocean,TRT000169,11,#160b7f,1013.99,177.31,2553.99,177.31,"[798, 0, 1186, 372]","[2338, 0, 2726, 372]",0.51
ocean,TRT000170,11,#281ea3,1268.42,277.89,2808.42,277.89,"[1132, 137, 1477, 449]","[2672, 137, 3017, 449]",0.51
ocean,TRT000171,11,#12169c,1372.19,79.1,2912.19,79.1,"[1142, 0, 1633, 219]","[2682, 0, 3173, 219]",0.51
ocean,TRT000172,11,#1728ab,643.98,910.12,2183.98,910.12,"[498, 756, 779, 1069]","[2038, 756, 2319, 1069]",0.51
land,TRT000173,98,#d797cb,24.15,7.74,3150.15,315.74,"[0, 0, 47, 14]","[3126, 308, 3173, 322]",1.45
land,TRT000174,99,#9ba8fb,19.2,9.49,2709.2,317.49,"[0, 0, 39, 20]","[2690, 308, 2729, 328]",2.23
land,TRT000175,97,#20fed1,421.78,62.01,1827.78,370.01,"[363, 34, 473, 81]","[1769, 342, 1879, 389]",0.85
land,TRT000176,97,#e53fd1,497.63,41.7,1903.63,349.7,"[463, 13, 538, 76]","[1869, 321, 1944, 384]",0.85
land,TRT000177,97,#679060,298.72,93.53,1704.72,401.53,"[237, 54, 371, 151]","[1643, 362, 1777, 459]",0.85
land,TRT000178,97,#ec4c81,180.28,131.56,1586.28,439.56,"[102, 63, 257, 205]","[1508, 371, 1663, 513]",0.85
land,TRT000179,97,#597a40,77.03,64.25,1483.03,372.25,"[0, 0, 156, 144]","[1406, 308, 1562, 452]",0.85
ocean,TRT000180,100,#291182,11.8,3.92,245.8,315.92,"[0, 0, 25, 10]","[234, 312, 259, 322]",0.35
land,TRT000181,95,#ffd266,911.43,57.88,4996.43,358.88,"[881, 23, 946, 101]","[4966, 324, 5031, 402]",1.0
land,TRT000182,95,#68dd8a,877.4,115.78,4962.4,416.78,"[818, 76, 929, 163]","[4903, 377, 5014, 464]",1.0
land,TRT000183,95,#e72be2,828.31,170.68,4913.31,471.68,"[782, 127, 876, 204]","[4867, 428, 4961, 505]",1.0
land,TRT000184,95,#befef1,848.79,59.99,4933.79,360.99,"[813, 16, 882, 110]","[4898, 317, 4967, 411]",1.0
land,TRT000185,95,#92ba67,771.34,86.92,4856.34,387.92,"[723, 43, 819, 126]","[4808, 344, 4904, 427]",1.0
land,TRT000186,95,#424a45,720.42,30.08,4805.42,331.08,"[672, 0, 767, 76]","[4757, 301, 4852, 377]",1.0
land,TRT000187,95,#a84ce6,623.92,24.9,4708.92,325.9,"[576, 0, 675, 75]","[4661, 301, 4760, 376]",1.0
land,TRT000188,95,#16d664,537.92,56.48,4622.92,357.48,"[478, 10, 603, 99]","[4563, 311, 4688, 400]",1.0
land,TRT000189,95,#078dba,388.57,58.04,4473.57,359.04,"[291, 12, 480, 103]","[4376, 313, 4565, 404]",1.0
land,TRT000190,95,#d6132d,164.25,55.3,4249.25,356.3,"[0, 12, 293, 104]","[4085, 313, 4378, 405]",1.0
land,TRT000191,95,#5be621,797.0,42.13,4882.0,343.13,"[759, 5, 835, 96]","[4844, 306, 4920, 397]",1.0
ocean,TRT000192,101,#2412ad,9.03,9.8,2980.03,314.8,"[0, 0, 21, 18]","[2971, 305, 2992, 323]",0.86
land,TRT000193,96,#7fd0a2,389.11,142.95,3934.11,448.95,"[347, 85, 439, 210]","[3892, 391, 3984, 516]",1.0
land,TRT000194,96,#c9c769,445.7,93.83,3990.7,399.83,"[397, 55, 494, 133]","[3942, 361, 4039, 439]",1.0
land,TRT000195,96,#2820cf,509.41,170.6,4054.41,476.6,"[480, 142, 565, 205]","[4025, 448, 4110, 511]",1.0
land,TRT000196,96,#bc2d7c,579.03,102.66,4124.03,408.66,"[535, 65, 634, 151]","[4080, 371, 4179, 457]",1.0
land,TRT000197,96,#1fc123,450.4,166.83,3995.4,472.83,"[404, 129, 485, 202]","[3949, 435, 4030, 508]",1.0
land,TRT000198,96,#220ffe,377.56,38.87,3922.56,344.87,"[321, 0, 422, 89]","[3866, 306, 3967, 395]",1.0
land,TRT000199,96,#495879,330.24,71.72,3875.24,377.72,"[297, 10, 383, 122]","[3842, 316, 3928, 428]",1.0
land,TRT000200,96,#debba5,315.51,167.58,3860.51,473.58,"[246, 115, 376, 232]","[3791, 421, 3921, 538]",1.0
land,TRT000201,96,#dc2b20,464.86,48.29,4009.86,354.29,"[418, 17, 515, 80]","[3963, 323, 4060, 386]",1.0
land,TRT000202,96,#10ef3a,517.87,112.13,4062.87,418.13,"[475, 61, 562, 156]","[4020, 367, 4107, 462]",1.0
land,TRT000203,96,#0e0de1,198.53,122.53,3743.53,428.53,"[147, 67, 263, 187]","[3692, 373, 3808, 493]",1.0
land,TRT000204,96,#611d9a,263.24,68.37,3808.24,374.37,"[210, 12, 300, 137]","[3755, 318, 3845, 443]",1.0
land,TRT000205,96,#1ca76a,92.51,126.1,3637.51,432.1,"[0, 58, 148, 222]","[3545, 364, 3693, 528]",1.0
land,TRT000206,102,#2c7fba,32.15,68.14,2942.15,378.14,"[0, 35, 75, 113]","[2910, 345, 2985, 423]",2.23
land,TRT000207,102,#dc0457,74.05,97.51,2984.05,407.51,"[24, 62, 122, 123]","[2934, 372, 3032, 433]",2.23
land,TRT000208,102,#c9ac70,105.42,44.15,3015.42,354.15,"[73, 11, 141, 77]","[2983, 321, 3051, 387]",2.23
land,TRT000209,102,#c37001,54.6,28.85,2964.6,338.85,"[15, 0, 85, 57]","[2925, 310, 2995, 367]",2.23
land,TRT000210,104,#aec7a7,32.8,26.07,2687.8,342.07,"[0, 0, 67, 51]","[2655, 316, 2722, 367]",2.23
land,TRT000211,103,#580266,36.79,30.78,3074.79,345.78,"[0, 0, 77, 74]","[3038, 315, 3115, 389]",2.23
land,TRT000212,103,#64d944,114.31,23.48,3152.31,338.48,"[77, 5, 153, 47]","[3115, 320, 3191, 362]",2.23
land,TRT000213,103,#f6bb48,123.83,63.46,3161.83,378.46,"[97, 39, 155, 91]","[3135, 354, 3193, 406]",2.23
land,TRT000214,103,#5f6890,75.44,56.3,3113.44,371.3,"[39, 14, 101, 88]","[3077, 329, 3139, 403]",2.23
lake,TRT000215,105,#1b097a,17.24,16.76,1280.24,344.76,"[0, 0, 38, 36]","[1263, 328, 1301, 364]",0.85
ocean,TRT000216,106,#284faf,16.06,53.68,5050.06,384.68,"[0, 0, 41, 123]","[5034, 331, 5075, 454]",1.0
land,TRT000217,108,#d23a64,26.42,18.58,2904.42,353.58,"[0, 0, 51, 44]","[2878, 335, 2929, 379]",2.23
land,TRT000218,109,#92dc36,152.75,75.28,3315.75,429.28,"[96, 51, 199, 111]","[3259, 405, 3362, 465]",2.23
land,TRT000219,109,#5ff146,159.02,27.64,3322.02,381.64,"[116, 0, 207, 51]","[3279, 354, 3370, 405]",2.23
land,TRT000220,109,#f45cc7,84.0,34.05,3247.0,388.05,"[39, 6, 118, 69]","[3202, 360, 3281, 423]",2.23
land,TRT000221,109,#e85fc1,230.98,58.64,3393.98,412.64,"[194, 24, 281, 97]","[3357, 378, 3444, 451]",2.23
land,TRT000222,109,#b9ca08,35.38,46.15,3198.38,400.15,"[0, 7, 72, 72]","[3163, 361, 3235, 426]",2.23
land,TRT000223,109,#d6600c,207.0,43.0,3370.0,397.0,"[207, 43, 208, 44]","[3370, 397, 3371, 398]",2.23
land,TRT000224,111,#f2cf7e,46.07,39.83,1933.07,407.83,"[0, 0, 91, 64]","[1887, 368, 1978, 432]",1.0
land,TRT000225,112,#9cf5e1,32.24,13.01,2888.24,380.01,"[0, 0, 60, 31]","[2856, 367, 2916, 398]",2.23
land,TRT000226,110,#b29394,410.42,73.67,4601.42,431.67,"[355, 29, 503, 135]","[4546, 387, 4694, 493]",1.0
land,TRT000227,110,#4ed89b,314.21,92.46,4505.21,450.46,"[262, 26, 369, 156]","[4453, 384, 4560, 514]",1.0
land,TRT000228,110,#78a929,238.86,113.84,4429.86,471.84,"[193, 58, 288, 164]","[4384, 416, 4479, 522]",1.0
land,TRT000229,110,#82c29c,210.4,39.94,4401.4,397.94,"[157, 0, 282, 84]","[4348, 358, 4473, 442]",1.0
land,TRT000230,110,#fc7fc7,137.61,69.67,4328.61,427.67,"[95, 32, 190, 117]","[4286, 390, 4381, 475]",1.0
land,TRT000231,110,#7c6924,65.68,62.42,4256.68,420.42,"[0, 20, 107, 115]","[4191, 378, 4298, 473]",1.0
land,TRT000232,110,#dca8b8,160.33,119.89,4351.33,477.89,"[99, 83, 201, 149]","[4290, 441, 4392, 507]",1.0
land,TRT000233,114,#467962,47.2,19.35,3055.2,394.35,"[0, 0, 102, 38]","[3008, 375, 3110, 413]",2.23
land,TRT000234,113,#9bf235,88.51,102.93,2830.51,476.93,"[48, 67, 122, 136]","[2790, 441, 2864, 510]",2.23
land,TRT000235,113,#b12a8c,150.75,96.39,2892.75,470.39,"[119, 66, 193, 129]","[2861, 440, 2935, 503]",2.23
land,TRT000236,113,#ca1a43,162.5,45.84,2904.5,419.84,"[133, 16, 201, 75]","[2875, 390, 2943, 449]",2.23
land,TRT000237,113,#e414af,113.68,35.93,2855.68,409.93,"[82, 0, 144, 75]","[2824, 374, 2886, 449]",2.23
land,TRT000238,113,#29eeaa,67.94,51.46,2809.94,425.46,"[44, 19, 97, 85]","[2786, 393, 2839, 459]",2.23
land,TRT000239,113,#5126d4,26.78,46.1,2768.78,420.1,"[0, 35, 47, 69]","[2742, 409, 2789, 443]",2.23
land,TRT000240,115,#dc4697,37.42,18.68,852.42,396.68,"[0, 0, 75, 40]","[815, 378, 890, 418]",1.0
land,TRT000241,116,#295975,16.91,5.68,1830.91,398.68,"[0, 0, 36, 12]","[1814, 393, 1850, 405]",0.85
land,TRT000242,117,#a5bc34,40.4,13.46,3120.4,410.46,"[0, 0, 88, 29]","[3080, 397, 3168, 426]",2.23
land,TRT000243,119,#685019,111.93,43.01,1764.93,445.01,"[0, 0, 203, 90]","[1653, 402, 1856, 492]",1.0
land,TRT000244,107,#1e6ab7,533.68,220.92,4502.68,555.92,"[473, 167, 609, 283]","[4442, 502, 4578, 618]",0.51
land,TRT000245,107,#9ca323,467.19,327.98,4436.19,662.98,"[405, 258, 522, 395]","[4374, 593, 4491, 730]",0.51
land,TRT000246,107,#f9214d,414.4,234.45,4383.4,569.45,"[344, 171, 480, 308]","[4313, 506, 4449, 643]",0.51
land,TRT000247,107,#6d2c46,342.55,335.81,4311.55,670.81,"[279, 260, 408, 404]","[4248, 595, 4377, 739]",0.51
land,TRT000248,107,#086540,438.41,431.69,4407.41,766.69,"[375, 365, 504, 506]","[4344, 700, 4473, 841]",0.51
land,TRT000249,107,#54c890,224.53,348.71,4193.53,683.71,"[160, 282, 287, 408]","[4129, 617, 4256, 743]",0.51
land,TRT000250,107,#d794e7,315.9,183.84,4284.9,518.84,"[250, 131, 389, 248]","[4219, 466, 4358, 583]",0.51
land,TRT000251,107,#11c74a,268.64,252.04,4237.64,587.04,"[214, 188, 344, 316]","[4183, 523, 4313, 651]",0.51
land,TRT000252,107,#eeb83a,643.61,185.93,4612.61,520.93,"[578, 116, 714, 251]","[4547, 451, 4683, 586]",0.51
land,TRT000253,107,#b936f1,736.85,132.96,4705.85,467.96,"[657, 10, 814, 228]","[4626, 345, 4783, 563]",0.51
land,TRT000254,107,#e4c0e0,127.64,318.82,4096.64,653.82,"[71, 264, 182, 382]","[4040, 599, 4151, 717]",0.51
land,TRT000255,107,#5573e4,72.64,228.16,4041.64,563.16,"[0, 146, 132, 290]","[3969, 481, 4101, 625]",0.51
land,TRT000256,107,#5a4359,200.04,137.34,4169.04,472.34,"[102, 69, 273, 201]","[4071, 404, 4242, 536]",0.51
land,TRT000257,107,#fc38ce,833.22,97.01,4802.22,432.01,"[732, 0, 957, 200]","[4701, 335, 4926, 535]",0.51
land,TRT000258,107,#f75d99,167.48,233.27,4136.48,568.27,"[117, 168, 220, 296]","[4086, 503, 4189, 631]",0.51
land,TRT000259,120,#2c38fd,47.47,28.18,911.47,435.18,"[0, 0, 82, 71]","[864, 407, 946, 478]",1.73
land,TRT000260,120,#c355f0,40.19,77.57,904.19,484.57,"[2, 37, 91, 104]","[866, 444, 955, 511]",1.73
land,TRT000261,120,#6f3cf6,31.79,133.79,895.79,540.79,"[4, 104, 63, 188]","[868, 511, 927, 595]",1.73
land,TRT000262,120,#c2fdbf,105.27,212.4,969.27,619.4,"[44, 168, 154, 257]","[908, 575, 1018, 664]",1.73
land,TRT000263,120,#483175,71.05,148.99,935.05,555.99,"[41, 88, 108, 198]","[905, 495, 972, 605]",1.73
land,TRT000264,121,#bdf380,71.62,20.84,3036.62,427.84,"[0, 0, 119, 40]","[2965, 407, 3084, 447]",2.23
lake,TRT000265,122,#11468e,66.12,20.68,1441.12,428.68,"[0, 0, 118, 38]","[1375, 408, 1493, 446]",1.0
land,TRT000266,123,#09c071,48.5,21.55,3119.5,434.55,"[0, 0, 103, 44]","[3071, 413, 3174, 457]",2.23
land,TRT000267,124,#9b19b5,24.33,19.17,3261.33,434.17,"[0, 0, 48, 47]","[3237, 415, 3285, 462]",2.23
land,TRT000268,125,#f1cc80,45.41,34.85,3180.41,451.85,"[0, 4, 84, 71]","[3135, 421, 3219, 488]",2.23
land,TRT000269,125,#436c1b,99.41,41.22,3234.41,458.22,"[63, 0, 146, 73]","[3198, 417, 3281, 490]",2.23
land,TRT000270,126,#77db22,11.0,10.79,1980.0,432.79,"[0, 0, 23, 21]","[1969, 422, 1992, 443]",0.85
land,TRT000271,127,#5a518d,32.43,14.14,2944.43,440.14,"[0, 0, 67, 29]","[2912, 426, 2979, 455]",2.23
ocean,TRT000272,129,#080aae,30.64,16.25,3391.64,450.25,"[0, 0, 66, 31]","[3361, 434, 3427, 465]",1.0
land,TRT000273,118,#3e6a0c,127.86,54.97,1067.86,455.97,"[82, 6, 175, 117]","[1022, 407, 1115, 518]",0.77
land,TRT000274,118,#78ed6b,65.65,124.8,1005.65,525.8,"[5, 72, 132, 180]","[945, 473, 1072, 581]",0.77
land,TRT000275,118,#c7981a,171.82,163.77,1111.82,564.77,"[114, 108, 246, 208]","[1054, 509, 1186, 609]",0.77
land,TRT000276,118,#4137a1,297.52,47.85,1237.52,448.85,"[248, 6, 344, 96]","[1188, 407, 1284, 497]",0.77
land,TRT000277,118,#c796d9,97.42,210.95,1037.42,611.95,"[38, 157, 146, 275]","[978, 558, 1086, 676]",0.77
land,TRT000278,118,#a82ba6,173.47,245.65,1113.47,646.65,"[114, 205, 225, 288]","[1054, 606, 1165, 689]",0.77
land,TRT000279,118,#17168a,270.27,246.84,1210.27,647.84,"[218, 168, 319, 342]","[1158, 569, 1259, 743]",0.77
land,TRT000280,118,#3a6889,41.74,43.5,981.74,444.5,"[0, 5, 88, 95]","[940, 406, 1028, 496]",0.77
land,TRT000281,118,#5181f3,310.32,139.69,1250.32,540.69,"[251, 85, 359, 200]","[1191, 486, 1299, 601]",0.77
land,TRT000282,118,#c9dd1f,390.28,49.03,1330.28,450.03,"[344, 0, 468, 96]","[1284, 401, 1408, 497]",0.77
land,TRT000283,118,#c443dd,220.1,109.28,1160.1,510.28,"[153, 64, 272, 170]","[1093, 465, 1212, 571]",0.77
land,TRT000284,118,#087a75,397.68,141.92,1337.68,542.92,"[355, 93, 443, 200]","[1295, 494, 1383, 601]",0.77
land,TRT000285,118,#f2a975,359.77,261.1,1299.77,662.1,"[318, 180, 419, 367]","[1258, 581, 1359, 768]",0.77
land,TRT000286,118,#11da66,471.75,156.4,1411.75,557.4,"[426, 110, 517, 207]","[1366, 511, 1457, 608]",0.77
land,TRT000287,118,#6c772d,450.08,253.88,1390.08,654.88,"[400, 197, 512, 316]","[1340, 598, 1452, 717]",0.77
land,TRT000288,118,#f85546,339.0,310.0,1279.0,711.0,"[339, 310, 340, 311]","[1279, 711, 1280, 712]",0.77
land,TRT000289,118,#7ea1ad,208.07,35.38,1148.07,436.38,"[159, 6, 255, 73]","[1099, 407, 1195, 474]",0.77
land,TRT000290,118,#dda2a4,475.51,71.49,1415.51,472.49,"[428, 34, 560, 113]","[1368, 435, 1500, 514]",0.77
ocean,TRT000291,75,#0f249b,1003.68,717.77,1003.68,930.77,"[797, 464, 1160, 831]","[797, 677, 1160, 1044]",0.51
ocean,TRT000292,75,#33236c,922.65,518.39,922.65,731.39,"[793, 350, 1092, 653]","[793, 563, 1092, 866]",0.51
ocean,TRT000293,75,#221d7a,537.71,712.12,537.71,925.12,"[395, 524, 726, 832]","[395, 737, 726, 1045]",0.51
ocean,TRT000294,75,#390087,241.84,730.63,241.84,943.63,"[0, 571, 402, 832]","[0, 784, 402, 1045]",0.51
ocean,TRT000295,75,#2f3b65,733.05,616.57,733.05,829.57,"[570, 444, 879, 832]","[570, 657, 879, 1045]",0.51
ocean,TRT000296,75,#082b70,402.93,447.95,402.93,660.95,"[214, 270, 597, 635]","[214, 483, 597, 848]",0.51
ocean,TRT000297,75,#191977,1282.5,765.74,1282.5,978.74,"[1137, 608, 1509, 831]","[1137, 821, 1509, 1044]",0.51
ocean,TRT000298,75,#290969,708.24,291.27,708.24,504.27,"[516, 57, 879, 462]","[516, 270, 879, 675]",0.51
ocean,TRT000299,75,#102497,102.96,563.63,102.96,776.63,"[0, 387, 272, 813]","[0, 600, 272, 1026]",0.51
ocean,TRT000300,75,#2e188f,167.36,262.6,167.36,475.6,"[0, 92, 360, 428]","[0, 305, 360, 641]",0.51
ocean,TRT000301,75,#123b6c,491.19,144.02,491.19,357.02,"[298, 0, 698, 314]","[298, 213, 698, 527]",0.51
ocean,TRT000302,130,#2d0cb2,60.97,82.86,3608.97,518.86,"[0, 0, 114, 165]","[3548, 436, 3662, 601]",2.18
land,TRT000303,128,#ebf846,249.37,67.53,1667.37,498.53,"[203, 36, 293, 106]","[1621, 467, 1711, 537]",1.73
land,TRT000304,128,#5f5feb,154.89,99.29,1572.89,530.29,"[110, 61, 203, 137]","[1528, 492, 1621, 568]",1.73
land,TRT000305,128,#cdbaac,107.65,185.82,1525.65,616.82,"[65, 136, 142, 231]","[1483, 567, 1560, 662]",1.73
land,TRT000306,128,#98205e,225.0,63.0,1643.0,494.0,"[225, 63, 226, 64]","[1643, 494, 1644, 495]",1.73
land,TRT000307,128,#77a6a4,208.37,109.33,1626.37,540.33,"[178, 61, 240, 150]","[1596, 492, 1658, 581]",1.73
land,TRT000308,128,#2ec3e4,311.48,31.74,1729.48,462.74,"[269, 0, 349, 65]","[1687, 431, 1767, 496]",1.73
land,TRT000309,128,#d9110d,45.21,223.97,1463.21,654.97,"[0, 166, 95, 270]","[1418, 597, 1513, 701]",1.73
land,TRT000310,128,#91405a,67.59,135.93,1485.59,566.93,"[18, 100, 122, 180]","[1436, 531, 1540, 611]",1.73
land,TRT000311,128,#6b0a39,73.2,69.17,1491.2,500.17,"[38, 24, 112, 106]","[1456, 455, 1530, 537]",1.73
land,TRT000312,128,#feee0a,166.84,153.96,1584.84,584.96,"[124, 126, 211, 182]","[1542, 557, 1629, 613]",1.73
land,TRT000313,128,#34fbbd,109.29,280.2,1527.29,711.2,"[57, 229, 145, 349]","[1475, 660, 1563, 780]",1.73
land,TRT000314,128,#d20cbb,160.21,200.1,1578.21,631.1,"[124, 176, 212, 237]","[1542, 607, 1630, 668]",1.73
land,TRT000315,131,#feafc0,133.94,95.5,3054.94,532.5,"[88, 57, 185, 143]","[3009, 494, 3106, 580]",2.23
land,TRT000316,131,#fffd14,61.05,34.85,2982.05,471.85,"[0, 0, 109, 83]","[2921, 437, 3030, 520]",2.23
ocean,TRT000317,132,#2e0f7f,8.76,11.62,1861.76,449.62,"[0, 0, 18, 24]","[1853, 438, 1871, 462]",0.48
land,TRT000318,133,#09b56f,19.77,12.58,3046.77,451.58,"[0, 0, 46, 27]","[3027, 439, 3073, 466]",2.2
lake,TRT000319,134,#1f0884,12.25,10.12,3979.25,451.12,"[0, 0, 31, 25]","[3967, 441, 3998, 466]",0.7
ocean,TRT000320,135,#283d7b,102.78,53.1,3350.78,496.1,"[0, 0, 222, 90]","[3248, 443, 3470, 533]",2.18
land,TRT000321,136,#58127e,32.16,22.4,3073.16,466.4,"[0, 0, 75, 53]","[3041, 444, 3116, 497]",1.38
land,TRT000322,137,#b0b653,8.16,6.03,3808.16,453.03,"[0, 0, 18, 13]","[3800, 447, 3818, 460]",1.0
land,TRT000323,138,#94dafc,26.49,13.49,3353.49,463.49,"[0, 0, 61, 28]","[3327, 450, 3388, 478]",2.23
land,TRT000324,139,#caafd5,29.87,29.49,3140.87,480.49,"[0, 0, 64, 60]","[3111, 451, 3175, 511]",2.23
lake,TRT000325,140,#192c69,16.99,31.77,1456.99,483.77,"[0, 0, 47, 70]","[1440, 452, 1487, 522]",1.0
lake,TRT000326,141,#372e76,29.31,20.45,1521.31,471.45,"[0, 0, 52, 49]","[1492, 451, 1544, 500]",1.0
lake,TRT000327,142,#13428b,14.95,10.86,1548.95,463.86,"[0, 0, 31, 24]","[1534, 453, 1565, 477]",1.0
land,TRT000328,144,#bad6ec,163.11,78.83,3856.11,539.83,"[105, 28, 264, 130]","[3798, 489, 3957, 591]",1.0
land,TRT000329,144,#b5aeed,57.6,37.08,3750.6,498.08,"[0, 0, 128, 88]","[3693, 461, 3821, 549]",1.0
land,TRT000330,145,#607307,42.89,32.84,5047.89,493.84,"[0, 0, 87, 64]","[5005, 461, 5092, 525]",1.0
land,TRT000331,146,#006d09,30.6,16.87,3093.6,481.87,"[0, 0, 57, 42]","[3063, 465, 3120, 507]",2.23
land,TRT000332,147,#e9b256,44.4,22.23,3210.4,503.23,"[0, 0, 98, 47]","[3166, 481, 3264, 528]",2.23
ocean,TRT000333,143,#121183,545.41,174.62,3275.41,631.62,"[464, 75, 653, 234]","[3194, 532, 3383, 691]",2.18
ocean,TRT000334,143,#0307af,378.65,141.77,3108.65,598.77,"[277, 0, 476, 243]","[3007, 457, 3206, 700]",2.18
ocean,TRT000335,143,#09329e,258.43,108.14,2988.43,565.14,"[191, 21, 340, 203]","[2921, 478, 3070, 660]",2.18
ocean,TRT000336,143,#184f7f,125.64,106.24,2855.64,563.24,"[0, 35, 196, 168]","[2730, 492, 2926, 625]",2.18
lake,TRT000337,148,#212f85,29.73,8.3,1597.73,489.3,"[0, 0, 55, 16]","[1568, 481, 1623, 497]",0.85
land,TRT000338,149,#7b8b62,38.14,20.62,2709.14,509.62,"[0, 0, 68, 55]","[2671, 489, 2739, 544]",2.23
land,TRT000339,149,#1cf89a,86.71,31.76,2757.71,520.76,"[56, 3, 116, 66]","[2727, 492, 2787, 555]",2.23
land,TRT000340,149,#543dde,145.78,31.73,2816.78,520.73,"[115, 6, 196, 64]","[2786, 495, 2867, 553]",2.23
land,TRT000341,149,#b9ec1f,58.26,84.91,2729.26,573.91,"[28, 52, 91, 121]","[2699, 541, 2762, 610]",2.23
land,TRT000342,149,#a1d2b9,111.22,77.98,2782.22,566.98,"[84, 45, 148, 110]","[2755, 534, 2819, 599]",2.23
land,TRT000343,150,#154385,53.87,21.83,3496.87,512.83,"[0, 0, 104, 39]","[3443, 491, 3547, 530]",1.0
land,TRT000344,151,#d79e70,11.62,10.88,3116.62,502.88,"[0, 0, 27, 24]","[3105, 492, 3132, 516]",2.23
land,TRT000345,152,#ae4f9f,12.28,9.59,3142.28,506.59,"[0, 0, 26, 21]","[3130, 497, 3156, 518]",2.23
land,TRT000346,153,#243027,68.72,26.1,3984.72,523.1,"[0, 0, 157, 62]","[3916, 497, 4073, 559]",1.0
land,TRT000347,154,#5825a0,44.2,43.44,4807.2,544.44,"[0, 0, 99, 83]","[4763, 501, 4862, 584]",1.0
lake,TRT000348,155,#0247a6,27.54,10.68,1544.54,512.68,"[0, 0, 62, 23]","[1517, 502, 1579, 525]",1.0
land,TRT000349,156,#b7aa11,7.02,9.35,2958.02,513.35,"[0, 0, 15, 21]","[2951, 504, 2966, 525]",2.23
land,TRT000350,157,#86aa2b,63.98,42.92,3705.98,546.92,"[0, 0, 120, 85]","[3642, 504, 3762, 589]",1.0
land,TRT000351,157,#63df73,148.82,72.35,3790.82,576.35,"[101, 23, 217, 118]","[3743, 527, 3859, 622]",1.0
land,TRT000352,158,#d486ad,11.51,22.21,3129.51,529.21,"[0, 0, 27, 48]","[3118, 507, 3145, 555]",2.23
land,TRT000353,159,#ea65f7,17.89,10.65,3154.89,521.65,"[0, 0, 39, 23]","[3137, 511, 3176, 534]",2.23
land,TRT000354,160,#6f1732,22.6,37.58,2690.6,551.58,"[0, 0, 50, 80]","[2668, 514, 2718, 594]",2.23
ocean,TRT000355,161,#30286c,13.91,12.22,3654.91,525.22,"[0, 0, 33, 25]","[3641, 513, 3674, 538]",2.18
land,TRT000356,162,#614562,19.99,11.63,3243.99,526.63,"[0, 0, 48, 25]","[3224, 515, 3272, 540]",2.23
land,TRT000357,164,#1cc46c,39.67,23.25,3561.67,541.25,"[0, 0, 76, 54]","[3522, 518, 3598, 572]",1.0
land,TRT000358,163,#8442e9,136.62,46.06,3361.62,561.06,"[92, 0, 184, 97]","[3317, 515, 3409, 612]",1.0
land,TRT000359,163,#6dc19c,232.41,46.7,3457.41,561.7,"[183, 8, 292, 85]","[3408, 523, 3517, 600]",1.0
land,TRT000360,163,#d67688,54.52,50.43,3279.52,565.43,"[0, 8, 98, 93]","[3225, 523, 3323, 608]",1.0
land,TRT000361,165,#c54ca0,39.03,28.98,3170.03,548.98,"[0, 0, 102, 62]","[3131, 520, 3233, 582]",2.0
land,TRT000362,166,#aab86a,13.0,18.19,2957.0,545.19,"[0, 0, 25, 37]","[2944, 527, 2969, 564]",2.23
land,TRT000363,167,#7b33d5,21.92,15.37,3519.92,543.37,"[0, 0, 47, 37]","[3498, 528, 3545, 565]",1.0
land,TRT000364,168,#10c562,108.48,71.51,4974.48,600.51,"[0, 0, 174, 120]","[4866, 529, 5040, 649]",1.0
ocean,TRT000365,169,#074b83,17.24,5.8,3257.24,535.8,"[0, 0, 36, 12]","[3240, 530, 3276, 542]",0.7
land,TRT000366,170,#979414,11.14,8.47,3911.14,539.47,"[0, 0, 23, 17]","[3900, 531, 3923, 548]",0.73
land,TRT000367,171,#f45858,57.98,28.03,3928.98,572.03,"[0, 0, 121, 55]","[3871, 544, 3992, 599]",0.7
land,TRT000368,172,#c7509d,9.54,5.29,3910.54,549.29,"[0, 0, 20, 11]","[3901, 544, 3921, 555]",0.7
ocean,TRT000369,68,#1c2b7e,849.12,687.28,5505.12,843.28,"[677, 538, 976, 820]","[5333, 694, 5632, 976]",0.51
ocean,TRT000370,68,#191c7a,608.27,913.11,5264.27,1069.11,"[459, 724, 757, 1079]","[5115, 880, 5413, 1235]",0.51
ocean,TRT000371,68,#1b338c,844.01,1226.15,5500.01,1382.15,"[704, 1078, 976, 1399]","[5360, 1234, 5632, 1555]",0.51
ocean,TRT000372,68,#0c0a74,307.0,906.21,4963.0,1062.21,"[125, 725, 465, 1073]","[4781, 881, 5121, 1229]",0.51
ocean,TRT000373,68,#2f0671,794.37,1494.68,5450.37,1650.68,"[575, 1335, 976, 1665]","[5231, 1491, 5632, 1821]",0.51
ocean,TRT000374,68,#312fb0,866.12,407.41,5522.12,563.41,"[719, 272, 976, 545]","[5375, 428, 5632, 701]",0.51
ocean,TRT000375,68,#241875,436.45,634.77,5092.45,790.77,"[301, 428, 615, 838]","[4957, 584, 5271, 994]",0.51
ocean,TRT000376,68,#112d89,567.89,1219.73,5223.89,1375.73,"[391, 1044, 713, 1442]","[5047, 1200, 5369, 1598]",0.51
ocean,TRT000377,68,#21117a,173.18,591.52,4829.18,747.52,"[0, 353, 326, 835]","[4656, 509, 4982, 991]",0.51
ocean,TRT000378,68,#1f4a8a,622.15,315.87,5278.15,471.87,"[440, 149, 779, 451]","[5096, 305, 5435, 607]",0.51
ocean,TRT000379,68,#041a84,290.0,439.0,4946.0,595.0,"[290, 439, 291, 440]","[4946, 595, 4947, 596]",0.51
ocean,TRT000380,68,#1a0f93,858.94,955.94,5514.94,1111.94,"[716, 814, 976, 1094]","[5372, 970, 5632, 1250]",0.51
ocean,TRT000381,68,#3001a9,444.55,231.31,5100.55,387.31,"[206, 36, 739, 429]","[4862, 192, 5395, 585]",0.51
ocean,TRT000382,68,#3a15a0,853.24,162.5,5509.24,318.5,"[693, 0, 976, 283]","[5349, 156, 5632, 439]",0.51
ocean,TRT000383,68,#130973,644.65,549.83,5300.65,705.83,"[475, 417, 810, 739]","[5131, 573, 5466, 895]",0.51
ocean,TRT000384,68,#0b28b3,562.4,1665.58,5218.4,1821.58,"[365, 1441, 728, 1846]","[5021, 1597, 5384, 2002]",0.51
ocean,TRT000385,68,#39306d,807.91,1817.33,5463.91,1973.33,"[606, 1629, 976, 1956]","[5262, 1785, 5632, 2112]",0.51
ocean,TRT000386,68,#24116f,208.39,1708.11,4864.39,1864.11,"[93, 1511, 379, 1956]","[4749, 1667, 5035, 2112]",0.51
ocean,TRT000387,68,#243397,409.51,1860.67,5065.51,2016.67,"[181, 1687, 611, 1956]","[4837, 1843, 5267, 2112]",0.51
land,TRT000388,175,#473add,24.49,32.66,4817.49,602.66,"[0, 0, 51, 66]","[4793, 570, 4844, 636]",1.0
land,TRT000389,173,#d342a9,227.58,110.06,3734.58,661.06,"[174, 49, 277, 158]","[3681, 600, 3784, 709]",1.0
land,TRT000390,173,#59aa38,215.24,182.24,3722.24,733.24,"[128, 134, 300, 230]","[3635, 685, 3807, 781]",1.0
land,TRT000391,173,#fd6814,126.54,114.89,3633.54,665.89,"[85, 41, 174, 189]","[3592, 592, 3681, 740]",1.0
land,TRT000392,173,#a05557,44.0,36.0,3551.0,587.0,"[44, 36, 45, 37]","[3551, 587, 3552, 588]",1.0
land,TRT000393,173,#05d981,191.91,58.44,3698.91,609.44,"[132, 24, 264, 105]","[3639, 575, 3771, 656]",1.0
land,TRT000394,173,#0e1593,54.96,67.36,3561.96,618.36,"[0, 0, 98, 154]","[3507, 551, 3605, 705]",1.0
land,TRT000395,176,#f54e44,75.26,55.15,3839.26,627.15,"[9, 14, 117, 102]","[3773, 586, 3881, 674]",1.0
land,TRT000396,176,#128095,47.47,103.05,3811.47,675.05,"[0, 55, 118, 141]","[3764, 627, 3882, 713]",1.0
land,TRT000397,176,#0828dc,138.2,49.31,3902.2,621.31,"[106, 0, 179, 107]","[3870, 572, 3943, 679]",1.0
land,TRT000398,177,#ac5c2d,7.59,12.76,1622.59,581.76,"[0, 0, 16, 27]","[1615, 569, 1631, 596]",0.7
land,TRT000399,174,#151829,117.48,141.32,4572.48,707.32,"[76, 90, 168, 196]","[4531, 656, 4623, 762]",1.0
land,TRT000400,174,#e5d60d,173.43,96.97,4628.43,662.97,"[127, 52, 226, 151]","[4582, 618, 4681, 717]",1.0
land,TRT000401,174,#2e3662,231.28,135.21,4686.28,701.21,"[185, 75, 272, 197]","[4640, 641, 4727, 763]",1.0
land,TRT000402,174,#afdb79,95.85,53.2,4550.85,619.2,"[29, 9, 151, 99]","[4484, 575, 4606, 665]",1.0
land,TRT000403,174,#e80080,169.32,204.73,4624.32,770.73,"[115, 148, 234, 263]","[4570, 714, 4689, 829]",1.0
land,TRT000404,174,#515893,66.22,224.93,4521.22,790.93,"[0, 173, 130, 290]","[4455, 739, 4585, 856]",1.0
land,TRT000405,174,#783923,53.13,129.21,4508.13,695.21,"[12, 65, 91, 182]","[4467, 631, 4546, 748]",1.0
land,TRT000406,174,#3b40f7,200.99,37.06,4655.99,603.06,"[144, 0, 281, 80]","[4599, 566, 4736, 646]",1.0
land,TRT000407,178,#2a9581,17.49,11.88,3164.49,584.88,"[0, 0, 35, 28]","[3147, 573, 3182, 601]",2.23
land,TRT000408,179,#edfa56,27.11,9.54,3037.11,584.54,"[0, 0, 49, 24]","[3010, 575, 3059, 599]",2.23
land,TRT000409,180,#d908b0,14.78,4.8,3967.78,591.8,"[0, 0, 31, 10]","[3953, 587, 3984, 597]",0.9
land,TRT000410,181,#70d408,31.13,49.89,2965.13,638.89,"[0, 0, 63, 111]","[2934, 589, 2997, 700]",1.0
land,TRT000411,182,#d1f2c1,60.35,47.53,3483.35,636.53,"[0, 0, 116, 97]","[3423, 589, 3539, 686]",1.0
land,TRT000412,182,#7b6639,103.21,95.43,3526.21,684.43,"[51, 52, 151, 130]","[3474, 641, 3574, 719]",1.0
land,TRT000413,183,#186d6d,42.44,34.7,3418.44,624.7,"[0, 0, 104, 78]","[3376, 590, 3480, 668]",1.0
land,TRT000414,185,#765d73,145.07,110.6,3917.07,701.6,"[90, 62, 205, 177]","[3862, 653, 3977, 768]",1.0
land,TRT000415,185,#daf01e,78.79,158.22,3850.79,749.22,"[0, 94, 157, 210]","[3772, 685, 3929, 801]",1.0
land,TRT000416,185,#d44748,192.44,44.75,3964.44,635.75,"[139, 0, 251, 102]","[3911, 591, 4023, 693]",1.0
land,TRT000417,186,#aeefdf,173.48,57.06,2724.48,668.06,"[108, 0, 248, 123]","[2659, 611, 2799, 734]",1.0
land,TRT000418,186,#7adb8e,60.95,162.44,2611.95,773.44,"[0, 99, 129, 228]","[2551, 710, 2680, 839]",1.0
land,TRT000419,187,#da2273,11.12,3.18,3208.12,622.18,"[0, 0, 23, 8]","[3197, 619, 3220, 627]",1.75
land,TRT000420,184,#fbc664,108.27,116.49,2787.27,709.49,"[60, 73, 155, 158]","[2739, 666, 2834, 751]",1.0
land,TRT000421,184,#87da4f,119.79,188.92,2798.79,781.92,"[66, 150, 168, 238]","[2745, 743, 2847, 831]",1.0
land,TRT000422,184,#b35eb4,159.69,52.37,2838.69,645.37,"[105, 3, 202, 106]","[2784, 596, 2881, 699]",1.0
land,TRT000423,184,#29ea0d,233.13,52.24,2912.13,645.24,"[197, 0, 282, 104]","[2876, 593, 2961, 697]",1.0
land,TRT000424,184,#428937,185.7,146.38,2864.7,739.38,"[139, 97, 226, 195]","[2818, 690, 2905, 788]",1.0
land,TRT000425,184,#b8d3cd,193.98,235.73,2872.98,828.73,"[137, 192, 243, 284]","[2816, 785, 2922, 877]",1.0
land,TRT000426,184,#a2c361,264.32,210.3,2943.32,803.3,"[219, 175, 324, 262]","[2898, 768, 3003, 855]",1.0
land,TRT000427,184,#d9ee15,255.09,136.04,2934.09,729.04,"[215, 91, 293, 180]","[2894, 684, 2972, 773]",1.0
land,TRT000428,184,#f37d05,43.7,147.94,2722.7,740.94,"[0, 109, 83, 192]","[2679, 702, 2762, 785]",1.0
land,TRT000429,188,#5cdc9b,12.77,5.8,3334.77,624.8,"[0, 0, 27, 13]","[3322, 619, 3349, 632]",1.13
land,TRT000430,190,#cbcc17,10.39,10.9,3377.39,641.9,"[0, 0, 22, 25]","[3367, 631, 3389, 656]",1.0
land,TRT000431,191,#fb4b92,18.03,11.57,4906.03,644.57,"[0, 0, 37, 28]","[4888, 633, 4925, 661]",0.79
ocean,TRT000432,192,#0c087b,13.95,5.64,4880.95,644.64,"[0, 0, 27, 14]","[4867, 639, 4894, 653]",0.59
land,TRT000433,193,#c0a086,17.68,20.12,4864.68,662.12,"[0, 0, 36, 44]","[4847, 642, 4883, 686]",0.85
land,TRT000434,189,#1bfdc6,134.07,190.45,4021.07,808.45,"[88, 144, 183, 236]","[3975, 762, 4070, 854]",1.0
land,TRT000435,189,#17ee36,96.42,114.39,3983.42,732.39,"[40, 66, 132, 160]","[3927, 684, 4019, 778]",1.0
land,TRT000436,189,#7aee18,51.81,179.09,3938.81,797.09,"[0, 117, 94, 231]","[3887, 735, 3981, 849]",1.0
land,TRT000437,189,#4dc26c,110.6,269.89,3997.6,887.89,"[67, 220, 157, 325]","[3954, 838, 4044, 943]",1.0
land,TRT000438,189,#223ff7,129.95,41.71,4016.95,659.71,"[85, 0, 175, 85]","[3972, 618, 4062, 703]",1.0
land,TRT000439,189,#2f0f31,224.03,173.27,4111.03,791.27,"[178, 122, 272, 230]","[4065, 740, 4159, 848]",1.0
land,TRT000440,189,#04fc53,165.95,117.2,4052.95,735.2,"[129, 67, 220, 166]","[4016, 685, 4107, 784]",1.0
land,TRT000441,189,#b94c44,196.6,257.85,4083.6,875.85,"[151, 206, 262, 314]","[4038, 824, 4149, 932]",1.0
land,TRT000442,189,#573597,283.07,191.88,4170.07,809.88,"[244, 138, 324, 250]","[4131, 756, 4211, 868]",1.0
land,TRT000443,189,#ff5d4e,143.9,357.55,4030.9,975.55,"[92, 303, 187, 429]","[3979, 921, 4074, 1047]",1.0
land,TRT000444,194,#932aae,28.22,31.75,3391.22,683.75,"[0, 0, 67, 65]","[3363, 652, 3430, 717]",1.0
land,TRT000445,195,#1d60c2,6.86,6.8,3369.86,658.8,"[0, 0, 15, 14]","[3363, 652, 3378, 666]",0.58
land,TRT000446,198,#90b978,4.57,8.68,3367.57,672.68,"[0, 0, 10, 19]","[3363, 664, 3373, 683]",0.7
land,TRT000447,196,#089c15,164.74,101.76,3126.74,756.76,"[115, 51, 234, 159]","[3077, 706, 3196, 814]",1.0
land,TRT000448,196,#0cee12,210.4,159.05,3172.4,814.05,"[153, 101, 246, 212]","[3115, 756, 3208, 867]",1.0
land,TRT000449,196,#68c5f1,200.48,49.18,3162.48,704.18,"[125, 3, 248, 101]","[3087, 658, 3210, 756]",1.0
land,TRT000450,196,#e44fd0,105.9,128.35,3067.9,783.35,"[49, 67, 153, 175]","[3011, 722, 3115, 830]",1.0
land,TRT000451,196,#f5f60f,48.07,95.86,3010.07,750.86,"[2, 57, 114, 152]","[2964, 712, 3076, 807]",1.0
land,TRT000452,196,#099fee,64.88,36.92,3026.88,691.92,"[0, 0, 131, 67]","[2962, 655, 3093, 722]",1.0
land,TRT000453,199,#e973d6,8.28,20.22,3361.28,688.22,"[0, 0, 18, 42]","[3353, 668, 3371, 710]",1.0
land,TRT000454,197,#2f52cc,354.4,227.22,1336.4,889.22,"[219, 173, 475, 282]","[1201, 835, 1457, 944]",1.0
land,TRT000455,197,#bacffa,230.41,133.36,1212.41,795.36,"[156, 45, 313, 226]","[1138, 707, 1295, 888]",1.0
land,TRT000456,197,#71a577,159.02,67.55,1141.02,729.55,"[115, 14, 234, 134]","[1097, 676, 1216, 796]",1.0
land,TRT000457,197,#05155e,95.83,45.43,1077.83,707.43,"[63, 15, 124, 93]","[1045, 677, 1106, 755]",1.0
land,TRT000458,197,#38a955,289.3,182.78,1271.3,844.78,"[242, 126, 346, 221]","[1224, 788, 1328, 883]",1.0
land,TRT000459,197,#d3eb2d,54.52,61.47,1036.52,723.47,"[0, 0, 121, 153]","[982, 662, 1103, 815]",1.0
land,TRT000460,201,#bca68e,47.32,114.44,3250.32,793.44,"[5, 79, 91, 150]","[3208, 758, 3294, 829]",1.0
land,TRT000461,201,#790fb2,43.13,41.76,3246.13,720.76,"[0, 0, 88, 81]","[3203, 679, 3291, 760]",1.0
land,TRT000462,201,#c4cc84,128.69,117.49,3331.69,796.49,"[90, 77, 189, 153]","[3293, 756, 3392, 832]",1.0
land,TRT000463,201,#ca2c74,117.23,40.0,3320.23,719.0,"[84, 1, 160, 82]","[3287, 680, 3363, 761]",1.0
land,TRT000464,200,#7cef8d,279.72,176.09,3636.72,845.09,"[232, 134, 330, 212]","[3589, 803, 3687, 881]",1.0
land,TRT000465,200,#f8467d,221.01,134.98,3578.01,803.98,"[171, 73, 272, 197]","[3528, 742, 3629, 866]",1.0
land,TRT000466,200,#ba060a,121.75,158.63,3478.75,827.63,"[70, 107, 176, 221]","[3427, 776, 3533, 890]",1.0
land,TRT000467,200,#21df7a,173.53,202.63,3530.53,871.63,"[111, 151, 234, 247]","[3468, 820, 3591, 916]",1.0
land,TRT000468,200,#c13858,162.55,78.73,3519.55,747.73,"[113, 26, 226, 131]","[3470, 695, 3583, 800]",1.0
land,TRT000469,200,#98ee13,77.05,103.4,3434.05,772.4,"[22, 66, 125, 156]","[3379, 735, 3482, 825]",1.0
land,TRT000470,200,#b9c1b1,68.8,43.36,3425.8,712.36,"[0, 0, 128, 82]","[3357, 669, 3485, 751]",1.0
land,TRT000471,203,#2f6fae,59.78,32.83,4129.78,730.83,"[0, 0, 127, 63]","[4070, 698, 4197, 761]",1.0
ocean,TRT000472,204,#052d65,100.19,67.34,3667.19,765.34,"[0, 0, 217, 123]","[3567, 698, 3784, 821]",2.18
land,TRT000473,205,#f60b19,14.62,11.67,3560.62,713.67,"[0, 0, 28, 25]","[3546, 702, 3574, 727]",0.85
ocean,TRT000474,206,#343d67,93.6,140.74,3420.6,852.74,"[0, 0, 171, 265]","[3327, 712, 3498, 977]",2.18
land,TRT000475,207,#4e9dca,79.24,46.4,4273.24,760.4,"[0, 0, 146, 115]","[4194, 714, 4340, 829]",1.0
ocean,TRT000476,202,#1c3da7,251.61,201.82,1535.61,897.82,"[139, 122, 386, 315]","[1423, 818, 1670, 1011]",2.18
ocean,TRT000477,202,#302089,124.78,100.66,1408.78,796.66,"[38, 0, 188, 193]","[1322, 696, 1472, 889]",2.18
ocean,TRT000478,202,#22188a,265.04,92.25,1549.04,788.25,"[170, 1, 418, 160]","[1454, 697, 1702, 856]",2.18
ocean,TRT000479,202,#252e74,46.79,84.92,1330.79,780.92,"[0, 11, 111, 185]","[1284, 707, 1395, 881]",2.18
ocean,TRT000480,202,#2f4f8a,486.12,250.45,1770.12,946.45,"[369, 187, 600, 323]","[1653, 883, 1884, 1019]",2.18
ocean,TRT000481,202,#26329c,328.3,268.07,1612.3,964.07,"[226, 149, 417, 351]","[1510, 845, 1701, 1047]",2.18
land,TRT000482,208,#95f012,68.28,151.16,4327.28,878.16,"[0, 103, 135, 278]","[4259, 830, 4394, 1005]",1.0
land,TRT000483,208,#bcf3f9,66.32,65.33,4325.32,792.33,"[7, 0, 122, 106]","[4266, 727, 4381, 833]",1.0
land,TRT000484,209,#eb179f,25.03,13.71,4231.03,743.71,"[0, 0, 52, 26]","[4206, 730, 4258, 756]",1.0
land,TRT000485,211,#28fae2,25.94,10.66,2657.94,758.66,"[0, 0, 48, 19]","[2632, 748, 2680, 767]",1.0
land,TRT000486,210,#5d6211,132.11,49.5,2682.11,796.5,"[78, 0, 187, 96]","[2628, 747, 2737, 843]",1.0
land,TRT000487,210,#e97985,141.04,140.68,2691.04,887.68,"[102, 93, 182, 186]","[2652, 840, 2732, 933]",1.0
land,TRT000488,210,#8ca336,72.6,91.39,2622.6,838.39,"[0, 21, 123, 125]","[2550, 768, 2673, 872]",1.0
land,TRT000489,210,#8618d6,60.26,149.31,2610.26,896.31,"[8, 111, 111, 196]","[2558, 858, 2661, 943]",1.0
land,TRT000490,212,#371ee4,28.95,37.21,4223.95,796.21,"[0, 0, 67, 74]","[4195, 759, 4262, 833]",1.0
ocean,TRT000491,213,#111288,5.95,8.85,3605.95,770.85,"[0, 0, 12, 21]","[3600, 762, 3612, 783]",0.4
land,TRT000492,214,#c92a35,6.07,12.75,3617.07,776.75,"[0, 0, 13, 25]","[3611, 764, 3624, 789]",0.85
land,TRT000493,215,#f79d71,39.48,30.86,3666.48,798.86,"[0, 0, 72, 51]","[3627, 768, 3699, 819]",1.0
land,TRT000494,217,#ec60c3,23.68,37.46,2607.68,812.46,"[0, 0, 44, 65]","[2584, 775, 2628, 840]",1.0
ocean,TRT000495,218,#160e91,12.8,22.82,4709.8,800.82,"[0, 0, 28, 49]","[4697, 778, 4725, 827]",1.0
land,TRT000496,221,#34bea4,62.9,67.99,3693.9,850.99,"[0, 0, 122, 129]","[3631, 783, 3753, 912]",1.0
land,TRT000497,220,#c95ce0,126.14,57.91,2751.14,838.91,"[88, 0, 178, 122]","[2713, 781, 2803, 903]",1.0
land,TRT000498,220,#e49ce7,196.63,133.94,2821.63,914.94,"[136, 106, 258, 171]","[2761, 887, 2883, 952]",1.0
land,TRT000499,220,#986207,79.15,175.77,2704.15,956.77,"[0, 113, 150, 233]","[2625, 894, 2775, 1014]",1.0
land,TRT000500,220,#0bad7e,192.63,87.82,2817.63,868.82,"[140, 42, 258, 118]","[2765, 823, 2883, 899]",1.0
land,TRT000501,222,#b2a238,10.13,18.48,4258.13,821.48,"[0, 0, 19, 39]","[4248, 803, 4267, 842]",1.0
land,TRT000502,223,#f16ffd,199.2,49.52,3018.2,854.52,"[145, 0, 247, 107]","[2964, 805, 3066, 912]",1.0
land,TRT000503,223,#e8f942,115.89,78.25,2934.89,883.25,"[64, 24, 164, 136]","[2883, 829, 2983, 941]",1.0
land,TRT000504,223,#4e6c2c,170.11,125.29,2989.11,930.29,"[116, 78, 236, 168]","[2935, 883, 3055, 973]",1.0
land,TRT000505,223,#7d71ab,60.63,140.77,2879.63,945.77,"[0, 88, 118, 183]","[2819, 893, 2937, 988]",1.0
land,TRT000506,225,#e228bf,64.34,104.17,4480.34,912.17,"[0, 0, 114, 231]","[4416, 808, 4530, 1039]",0.92
land,TRT000507,224,#8a3559,70.29,140.55,3097.29,947.55,"[0, 55, 149, 202]","[3027, 862, 3176, 1009]",1.0
land,TRT000508,224,#2087d7,68.0,60.0,3095.0,867.0,"[68, 60, 69, 61]","[3095, 867, 3096, 868]",1.0
land,TRT000509,224,#451a81,62.11,210.0,3089.11,1017.0,"[8, 167, 130, 250]","[3035, 974, 3157, 1057]",1.0
land,TRT000510,224,#e0de67,100.43,69.27,3127.43,876.27,"[24, 0, 165, 150]","[3051, 807, 3192, 957]",1.0
land,TRT000511,226,#040d60,85.83,23.3,1579.83,834.3,"[0, 0, 160, 52]","[1494, 811, 1654, 863]",1.0
land,TRT000512,227,#bd7f41,55.12,61.15,4440.12,883.15,"[0, 0, 117, 134]","[4385, 822, 4502, 956]",1.0
land,TRT000513,229,#6b6242,57.61,64.89,4400.61,918.89,"[0, 0, 128, 136]","[4343, 854, 4471, 990]",1.0
ocean,TRT000514,219,#2d0664,386.4,521.8,4755.4,1299.8,"[213, 437, 489, 630]","[4582, 1215, 4858, 1408]",1.59
ocean,TRT000515,219,#240d6f,574.92,554.79,4943.92,1332.79,"[462, 447, 682, 673]","[4831, 1225, 5051, 1451]",1.59
ocean,TRT000516,219,#304770,312.63,352.15,4681.63,1130.15,"[211, 239, 413, 508]","[4580, 1017, 4782, 1286]",1.59
ocean,TRT000517,219,#1b177a,121.89,348.57,4490.89,1126.57,"[0, 184, 256, 505]","[4369, 962, 4625, 1283]",1.59
ocean,TRT000518,219,#0a1d8c,194.83,196.12,4563.83,974.12,"[98, 55, 296, 314]","[4467, 833, 4665, 1092]",1.59
ocean,TRT000519,219,#362c6a,421.19,394.71,4790.19,1172.71,"[326, 275, 533, 472]","[4695, 1053, 4902, 1250]",1.59
ocean,TRT000520,219,#0f0979,291.63,125.99,4660.63,903.99,"[178, 0, 412, 248]","[4547, 778, 4781, 1026]",1.59
ocean,TRT000521,230,#133298,7.36,9.32,380.36,866.32,"[0, 0, 18, 20]","[373, 857, 391, 877]",1.0
land,TRT000522,228,#f37d02,178.33,137.43,3336.33,965.43,"[128, 84, 232, 193]","[3286, 912, 3390, 1021]",1.0
land,TRT000523,228,#93657e,209.17,48.31,3367.17,876.31,"[167, 0, 262, 102]","[3325, 828, 3420, 930]",1.0
land,TRT000524,228,#ba5aa1,132.66,27.51,3290.66,855.51,"[79, 0, 180, 64]","[3237, 828, 3338, 892]",1.0
land,TRT000525,228,#547bc7,63.95,58.3,3221.95,886.3,"[17, 1, 106, 108]","[3175, 829, 3264, 936]",1.0
land,TRT000526,228,#88fa8c,63.74,153.42,3221.74,981.42,"[0, 105, 128, 210]","[3158, 933, 3286, 1038]",1.0
land,TRT000527,228,#776b87,126.48,96.04,3284.48,924.04,"[80, 58, 176, 154]","[3238, 886, 3334, 982]",1.0
land,TRT000528,231,#1472e9,16.01,12.6,4534.01,872.6,"[0, 0, 36, 29]","[4518, 860, 4554, 889]",1.0
land,TRT000529,232,#2ac7d7,27.28,15.5,1677.28,876.5,"[0, 0, 44, 29]","[1650, 861, 1694, 890]",0.75
land,TRT000530,233,#4480dc,21.27,15.2,1711.27,877.2,"[0, 0, 56, 35]","[1690, 862, 1746, 897]",1.0
land,TRT000531,234,#9e14de,41.82,58.05,3525.82,935.05,"[0, 23, 92, 99]","[3484, 900, 3576, 976]",1.0
land,TRT000532,234,#d339f4,116.44,32.91,3600.44,909.91,"[76, 0, 163, 77]","[3560, 877, 3647, 954]",1.0
land,TRT000533,235,#cbc3fe,20.52,35.53,4712.52,917.53,"[0, 0, 42, 79]","[4692, 882, 4734, 961]",1.0
land,TRT000534,236,#3a722d,14.78,4.82,1604.78,888.82,"[0, 0, 32, 11]","[1590, 884, 1622, 895]",0.7
land,TRT000535,237,#0329dd,11.44,3.66,1774.44,887.66,"[0, 0, 25, 9]","[1763, 884, 1788, 893]",0.85
land,TRT000536,238,#3d3968,7.91,18.88,1426.91,902.88,"[0, 0, 20, 41]","[1419, 884, 1439, 925]",1.0
land,TRT000537,239,#a7ad40,36.83,40.6,3423.83,932.6,"[0, 0, 102, 88]","[3387, 892, 3489, 980]",1.0
land,TRT000538,240,#87a45d,28.66,32.57,1400.66,927.57,"[0, 0, 62, 63]","[1372, 895, 1434, 958]",1.0
land,TRT000539,241,#2bf49d,43.59,35.75,2588.59,948.75,"[0, 0, 93, 68]","[2545, 913, 2638, 981]",1.0
land,TRT000540,242,#3c7494,40.91,18.21,1458.91,941.21,"[0, 0, 93, 47]","[1418, 923, 1511, 970]",1.0
land,TRT000541,243,#a4669e,59.2,42.92,2788.2,980.92,"[0, 0, 124, 85]","[2729, 938, 2853, 1023]",1.0
land,TRT000542,244,#e22a38,38.04,33.05,1484.04,972.05,"[0, 0, 67, 67]","[1446, 939, 1513, 1006]",1.0
land,TRT000543,246,#bc5d1d,39.34,28.0,4458.34,974.0,"[0, 0, 82, 64]","[4419, 946, 4501, 1010]",1.0
land,TRT000544,245,#fef3b5,160.84,121.51,3493.84,1063.51,"[119, 70, 232, 170]","[3452, 1012, 3565, 1112]",1.0
land,TRT000545,245,#6d9be1,79.93,131.04,3412.93,1073.04,"[19, 84, 122, 178]","[3352, 1026, 3455, 1120]",1.0
land,TRT000546,245,#e1f97b,105.59,45.0,3438.59,987.0,"[57, 0, 154, 93]","[3390, 942, 3487, 1035]",1.0
land,TRT000547,245,#52aadf,46.91,72.79,3379.91,1014.79,"[0, 8, 89, 121]","[3333, 950, 3422, 1063]",1.0
land,TRT000548,247,#373617,19.8,10.95,1423.8,957.95,"[0, 0, 38, 21]","[1404, 947, 1442, 968]",1.0
ocean,TRT000549,248,#060990,8.05,9.49,4749.05,964.49,"[0, 0, 16, 21]","[4741, 955, 4757, 976]",0.74
ocean,TRT000550,250,#053880,9.52,8.11,4711.52,970.11,"[0, 0, 17, 20]","[4702, 962, 4719, 982]",0.79
land,TRT000551,249,#88e14c,56.72,36.42,2914.72,993.42,"[11, 0, 103, 71]","[2869, 957, 2961, 1028]",1.0
land,TRT000552,249,#f520b7,56.8,101.66,2914.8,1058.66,"[0, 64, 119, 149]","[2858, 1021, 2977, 1106]",1.0
land,TRT000553,249,#fb209a,135.71,50.91,2993.71,1007.91,"[96, 1, 187, 116]","[2954, 958, 3045, 1073]",1.0
land,TRT000554,251,#2f2288,57.65,133.94,3007.65,1102.94,"[0, 88, 120, 177]","[2950, 1057, 3070, 1146]",1.0
land,TRT000555,251,#f1355f,85.16,63.29,3035.16,1032.29,"[53, 0, 110, 103]","[3003, 969, 3060, 1072]",1.0
land,TRT000556,252,#7bd3c5,21.57,9.18,2581.57,984.18,"[0, 0, 42, 26]","[2560, 975, 2602, 1001]",1.0
land,TRT000557,253,#183bd7,62.37,34.62,2644.37,1009.62,"[0, 0, 113, 85]","[2582, 975, 2695, 1060]",1.0
land,TRT000558,254,#fea459,12.18,15.01,3482.18,989.01,"[0, 0, 26, 28]","[3470, 974, 3496, 1002]",0.85
ocean,TRT000559,255,#321fac,11.71,9.63,4773.71,986.63,"[0, 0, 21, 23]","[4762, 977, 4783, 1000]",0.85
land,TRT000560,257,#df4c72,24.28,41.88,2852.28,1021.88,"[0, 0, 48, 95]","[2828, 980, 2876, 1075]",1.0
land,TRT000561,256,#b32085,104.3,113.32,1683.3,1092.32,"[31, 77, 181, 159]","[1610, 1056, 1760, 1138]",1.0
land,TRT000562,256,#ea84f9,128.62,180.06,1707.62,1159.06,"[82, 116, 185, 261]","[1661, 1095, 1764, 1240]",1.0
land,TRT000563,256,#dd3167,49.47,161.65,1628.47,1140.65,"[0, 106, 91, 214]","[1579, 1085, 1670, 1193]",1.0
land,TRT000564,256,#77f6ef,66.13,58.95,1645.13,1037.95,"[17, 0, 123, 106]","[1596, 979, 1702, 1085]",1.0
land,TRT000565,258,#d66080,128.23,80.23,3322.23,1063.23,"[88, 0, 183, 135]","[3282, 983, 3377, 1118]",1.0
land,TRT000566,258,#cdcf3e,57.52,71.04,3251.52,1054.04,"[0, 28, 102, 123]","[3194, 1011, 3296, 1106]",1.0
land,TRT000567,259,#20efda,73.3,112.69,3531.3,1098.69,"[0, 0, 161, 212]","[3458, 986, 3619, 1198]",1.0
ocean,TRT000568,260,#162ca0,7.72,9.42,4733.72,998.42,"[0, 0, 18, 19]","[4726, 989, 4744, 1008]",1.0
land,TRT000569,262,#a47eb8,22.45,51.46,4377.45,1044.46,"[0, 0, 60, 91]","[4355, 993, 4415, 1084]",1.0
land,TRT000570,261,#16ac80,154.05,64.83,1823.05,1054.83,"[102, 16, 210, 120]","[1771, 1006, 1879, 1110]",1.0
land,TRT000571,261,#88bff9,117.15,125.45,1786.15,1115.45,"[85, 79, 170, 172]","[1754, 1069, 1839, 1162]",1.0
land,TRT000572,261,#0dd97a,59.51,44.03,1728.51,1034.03,"[0, 0, 114, 88]","[1669, 990, 1783, 1078]",1.0
land,TRT000573,263,#b80c47,56.17,26.75,3540.17,1020.75,"[0, 0, 99, 55]","[3484, 994, 3583, 1049]",1.0
ocean,TRT000574,264,#3a0da7,7.9,9.73,4777.9,1006.73,"[0, 0, 16, 25]","[4770, 997, 4786, 1022]",0.7
land,TRT000575,265,#815936,24.85,17.77,1496.85,1016.77,"[0, 0, 48, 44]","[1472, 999, 1520, 1043]",1.0
land,TRT000576,266,#c2414f,31.65,49.48,2796.65,1048.48,"[0, 0, 69, 100]","[2765, 999, 2834, 1099]",1.0
land,TRT000577,267,#31d855,15.95,39.66,2830.95,1039.66,"[0, 0, 29, 78]","[2815, 1000, 2844, 1078]",0.87
land,TRT000578,268,#e18856,129.6,59.5,3171.6,1061.5,"[78, 0, 201, 107]","[3120, 1002, 3243, 1109]",1.0
land,TRT000579,268,#1bdc92,45.53,80.3,3087.53,1082.3,"[0, 31, 92, 134]","[3042, 1033, 3134, 1136]",1.0
ocean,TRT000580,269,#031c6e,9.27,14.66,4742.27,1015.66,"[0, 0, 18, 31]","[4733, 1001, 4751, 1032]",0.7
land,TRT000581,270,#1f9ce5,46.46,46.59,2728.46,1053.59,"[0, 0, 95, 98]","[2682, 1007, 2777, 1105]",1.0
land,TRT000582,271,#18bf4a,8.17,12.51,1695.17,1020.51,"[0, 0, 17, 24]","[1687, 1008, 1704, 1032]",1.0
land,TRT000583,272,#7adfb6,21.84,21.77,2630.84,1038.77,"[0, 0, 43, 48]","[2609, 1017, 2652, 1065]",1.0
land,TRT000584,273,#819d58,24.36,32.0,4776.36,1054.0,"[0, 0, 46, 64]","[4752, 1022, 4798, 1086]",1.0
land,TRT000585,274,#54f94c,44.42,16.52,1561.42,1039.52,"[0, 0, 90, 38]","[1517, 1023, 1607, 1061]",1.0
land,TRT000586,275,#c92ced,14.46,32.12,4079.46,1054.12,"[0, 0, 33, 59]","[4065, 1022, 4098, 1081]",1.0
land,TRT000587,277,#59eac7,16.2,11.09,4741.2,1049.09,"[0, 0, 31, 27]","[4725, 1038, 4756, 1065]",0.85
land,TRT000588,278,#5ad68d,33.53,31.81,2669.53,1071.81,"[0, 0, 64, 65]","[2636, 1040, 2700, 1105]",1.0
land,TRT000589,279,#f51c70,37.05,54.9,1892.05,1097.9,"[0, 0, 73, 112]","[1855, 1043, 1928, 1155]",1.0
land,TRT000590,281,#2cd540,79.2,51.28,4612.2,1116.28,"[0, 0, 151, 95]","[4533, 1065, 4684, 1160]",1.0
land,TRT000591,282,#cc3ab7,31.84,40.24,4415.84,1110.24,"[0, 0, 64, 86]","[4384, 1070, 4448, 1156]",1.0
land,TRT000592,283,#c9de25,33.15,28.43,1940.15,1108.43,"[0, 0, 64, 65]","[1907, 1080, 1971, 1145]",1.0
land,TRT000593,284,#b9ca07,19.8,27.64,1981.8,1111.64,"[0, 0, 46, 56]","[1962, 1084, 2008, 1140]",1.0
land,TRT000594,285,#f18d95,97.67,95.05,4405.67,1180.05,"[0, 0, 169, 180]","[4308, 1085, 4477, 1265]",1.0
land,TRT000595,288,#a3db19,58.22,40.53,3405.22,1136.53,"[1, 0, 123, 72]","[3348, 1096, 3470, 1168]",1.0
land,TRT000596,288,#923948,64.43,99.25,3411.43,1195.25,"[0, 72, 120, 150]","[3347, 1168, 3467, 1246]",1.0
land,TRT000597,286,#039cf8,124.48,56.24,3133.48,1146.24,"[81, 3, 172, 116]","[3090, 1093, 3181, 1206]",1.0
land,TRT000598,286,#fa8321,84.31,154.21,3093.31,1244.21,"[0, 97, 131, 210]","[3009, 1187, 3140, 1300]",1.0
land,TRT000599,286,#77fcad,233.37,38.76,3242.37,1128.76,"[172, 0, 297, 80]","[3181, 1090, 3306, 1170]",1.0
land,TRT000600,286,#5da400,170.18,161.22,3179.18,1251.22,"[127, 119, 228, 200]","[3136, 1209, 3237, 1290]",1.0
land,TRT000601,286,#d32b06,241.64,222.05,3250.64,1312.05,"[213, 172, 285, 293]","[3222, 1262, 3294, 1383]",1.0
land,TRT000602,286,#8727cd,184.24,226.03,3193.24,1316.03,"[148, 187, 216, 270]","[3157, 1277, 3225, 1360]",1.0
land,TRT000603,286,#712005,176.88,88.99,3185.88,1178.99,"[130, 33, 223, 127]","[3139, 1123, 3232, 1217]",1.0
land,TRT000604,286,#eec0df,238.74,122.43,3247.74,1212.43,"[200, 73, 276, 173]","[3209, 1163, 3285, 1263]",1.0
land,TRT000605,289,#dbb0c8,105.23,79.99,4626.23,1184.99,"[46, 16, 158, 133]","[4567, 1121, 4679, 1238]",1.0
land,TRT000606,289,#357afc,59.35,63.64,4580.35,1168.64,"[0, 0, 137, 120]","[4521, 1105, 4658, 1225]",1.0
land,TRT000607,290,#fb83bf,42.22,41.62,3321.22,1149.62,"[0, 0, 85, 88]","[3279, 1108, 3364, 1196]",1.0
land,TRT000608,291,#949108,64.01,70.22,3054.01,1186.22,"[0, 0, 118, 136]","[2990, 1116, 3108, 1252]",1.0
land,TRT000609,292,#2fe009,45.41,44.46,3000.41,1182.46,"[0, 0, 88, 96]","[2955, 1138, 3043, 1234]",1.0
land,TRT000610,293,#e561db,15.81,8.77,2979.81,1148.77,"[0, 0, 30, 19]","[2964, 1140, 2994, 1159]",1.0
land,TRT000611,287,#762220,308.36,149.1,1966.36,1241.1,"[252, 95, 370, 208]","[1910, 1187, 2028, 1300]",0.77
land,TRT000612,287,#f243a7,238.22,185.51,1896.22,1277.51,"[184, 125, 295, 240]","[1842, 1217, 1953, 1332]",0.77
land,TRT000613,287,#6121a8,391.65,187.91,2049.65,1279.91,"[334, 118, 449, 238]","[1992, 1210, 2107, 1330]",0.77
land,TRT000614,287,#6de6e9,212.62,70.61,1870.62,1162.61,"[146, 0, 276, 133]","[1804, 1092, 1934, 1225]",0.77
land,TRT000615,287,#95fc82,155.04,140.2,1813.04,1232.2,"[95, 82, 215, 185]","[1753, 1174, 1873, 1277]",0.77
land,TRT000616,287,#b165f7,319.0,262.77,1977.0,1354.77,"[267, 203, 370, 331]","[1925, 1295, 2028, 1423]",0.77
land,TRT000617,287,#72e8f4,63.96,195.84,1721.96,1287.84,"[0, 133, 122, 256]","[1658, 1225, 1780, 1348]",0.77
land,TRT000618,287,#b1e3b2,163.61,228.45,1821.61,1320.45,"[106, 180, 219, 286]","[1764, 1272, 1877, 1378]",0.77
land,TRT000619,287,#ba4018,348.72,386.18,2006.72,1478.18,"[313, 321, 402, 465]","[1971, 1413, 2060, 1557]",0.77
land,TRT000620,287,#4085cf,104.32,92.17,1762.32,1184.17,"[61, 49, 163, 145]","[1719, 1141, 1821, 1237]",0.77
land,TRT000621,287,#59c753,400.1,286.63,2058.1,1378.63,"[346, 233, 452, 352]","[2004, 1325, 2110, 1444]",0.77
land,TRT000622,287,#87f545,242.91,288.8,1900.91,1380.8,"[180, 237, 297, 348]","[1838, 1329, 1955, 1440]",0.77
land,TRT000623,287,#c4b70b,328.52,75.69,1986.52,1167.69,"[275, 13, 387, 129]","[1933, 1105, 2045, 1221]",0.77
land,TRT000624,287,#90de45,286.62,384.74,1944.62,1476.74,"[243, 322, 322, 466]","[1901, 1414, 1980, 1558]",0.77
land,TRT000625,294,#378654,40.68,14.01,4733.68,1161.01,"[0, 0, 84, 27]","[4693, 1147, 4777, 1174]",0.75
ocean,TRT000626,295,#2f4b80,9.64,9.74,4821.64,1158.74,"[0, 0, 20, 20]","[4812, 1149, 4832, 1169]",0.52
land,TRT000627,296,#99e36f,37.9,43.94,1587.9,1195.94,"[0, 0, 88, 100]","[1550, 1152, 1638, 1252]",1.0
lake,TRT000628,297,#123170,18.61,21.35,3330.61,1190.35,"[0, 0, 40, 44]","[3312, 1169, 3352, 1213]",2.18
land,TRT000629,299,#ba3746,29.71,43.07,4705.71,1217.07,"[0, 0, 68, 89]","[4676, 1174, 4744, 1263]",1.0
land,TRT000630,298,#abb492,145.37,215.51,1688.37,1390.51,"[78, 148, 197, 286]","[1621, 1323, 1740, 1461]",1.0
land,TRT000631,298,#3f3373,88.09,146.51,1631.09,1321.51,"[38, 93, 143, 207]","[1581, 1268, 1686, 1382]",1.0
land,TRT000632,298,#95fbda,115.74,54.34,1658.74,1229.34,"[71, 0, 176, 104]","[1614, 1175, 1719, 1279]",1.0
land,TRT000633,298,#e9a844,45.66,84.03,1588.66,1259.03,"[0, 39, 88, 130]","[1543, 1214, 1631, 1305]",1.0
land,TRT000634,300,#be4f5b,20.49,16.3,2035.49,1186.3,"[0, 0, 43, 34]","[2015, 1170, 2058, 1204]",1.0
land,TRT000635,301,#d396ea,27.5,15.43,4895.5,1194.43,"[0, 0, 51, 32]","[4868, 1179, 4919, 1211]",1.0
ocean,TRT000636,302,#30287c,20.89,17.65,4936.89,1202.65,"[0, 0, 50, 42]","[4916, 1185, 4966, 1227]",1.0
land,TRT000637,304,#bd40cb,36.09,70.76,3316.09,1259.76,"[0, 0, 76, 131]","[3280, 1189, 3356, 1320]",1.0
land,TRT000638,304,#05dd75,93.57,47.7,3373.57,1236.7,"[45, 1, 150, 88]","[3325, 1190, 3430, 1277]",1.0
land,TRT000639,304,#e9bcee,112.15,122.33,3392.15,1311.33,"[51, 68, 169, 168]","[3331, 1257, 3449, 1357]",1.0
land,TRT000640,305,#533569,15.93,13.48,3283.93,1204.48,"[0, 0, 32, 27]","[3268, 1191, 3300, 1218]",1.0
land,TRT000641,306,#83e00e,92.3,45.22,4979.3,1242.22,"[0, 0, 137, 118]","[4887, 1197, 5024, 1315]",1.0
land,TRT000642,303,#5df442,193.3,321.92,2108.3,1505.92,"[137, 287, 259, 372]","[2052, 1471, 2174, 1556]",1.0
land,TRT000643,303,#463c2e,113.06,357.15,2028.06,1541.15,"[46, 306, 164, 394]","[1961, 1490, 2079, 1578]",1.0
land,TRT000644,303,#64096b,61.04,454.05,1976.04,1638.05,"[0, 389, 114, 518]","[1915, 1573, 2029, 1702]",1.0
land,TRT000645,303,#004f31,188.85,247.13,2103.85,1431.13,"[132, 179, 232, 289]","[2047, 1363, 2147, 1473]",1.0
land,TRT000646,303,#1cadbc,255.44,259.87,2170.44,1443.87,"[221, 214, 292, 324]","[2136, 1398, 2207, 1508]",1.0
land,TRT000647,303,#8fdb30,110.89,411.7,2025.89,1595.7,"[65, 374, 161, 463]","[1980, 1558, 2076, 1647]",1.0
land,TRT000648,303,#2c28f9,257.26,172.11,2172.26,1356.11,"[193, 121, 326, 215]","[2108, 1305, 2241, 1399]",1.0
land,TRT000649,303,#35f65d,221.09,103.24,2136.09,1287.24,"[182, 48, 262, 162]","[2097, 1232, 2177, 1346]",1.0
land,TRT000650,303,#ac842f,302.05,94.91,2217.05,1278.91,"[250, 34, 356, 156]","[2165, 1218, 2271, 1340]",1.0
land,TRT000651,303,#9fee3c,185.27,37.83,2100.27,1221.83,"[127, 0, 259, 82]","[2042, 1184, 2174, 1266]",1.0
ocean,TRT000652,307,#22186a,12.14,10.21,4475.14,1208.21,"[0, 0, 24, 23]","[4463, 1198, 4487, 1221]",1.12
land,TRT000653,308,#c13e76,12.18,15.21,3284.18,1225.21,"[0, 0, 27, 33]","[3272, 1210, 3299, 1243]",1.0
land,TRT000654,309,#cd2512,52.3,61.78,5074.3,1276.78,"[0, 0, 152, 126]","[5022, 1215, 5174, 1341]",1.0
land,TRT000655,310,#fa0566,21.4,6.21,4842.4,1223.21,"[0, 0, 44, 16]","[4821, 1217, 4865, 1233]",0.7
ocean,TRT000656,311,#1439a1,9.63,4.8,4798.63,1226.8,"[0, 0, 20, 12]","[4789, 1222, 4809, 1234]",1.0
lake,TRT000657,312,#041780,11.98,38.22,3283.98,1272.22,"[0, 0, 33, 77]","[3272, 1234, 3305, 1311]",0.7
ocean,TRT000658,313,#28399b,35.62,19.08,5174.62,1259.08,"[0, 0, 64, 32]","[5139, 1240, 5203, 1272]",0.9
land,TRT000659,314,#729f33,5.56,9.05,3010.56,1252.05,"[0, 0, 15, 21]","[3005, 1243, 3020, 1264]",0.7
ocean,TRT000660,315,#194067,8.62,10.62,5247.62,1270.62,"[0, 0, 19, 21]","[5239, 1260, 5258, 1281]",0.65
land,TRT000661,317,#bd79af,68.27,21.42,4537.27,1287.42,"[0, 0, 139, 43]","[4469, 1266, 4608, 1309]",1.0
land,TRT000662,316,#33c3f8,139.73,73.75,3139.73,1338.75,"[94, 17, 193, 121]","[3094, 1282, 3193, 1386]",1.0
land,TRT000663,316,#24c240,121.64,148.45,3121.64,1413.45,"[78, 98, 180, 191]","[3078, 1363, 3180, 1456]",1.0
land,TRT000664,316,#6a05ec,60.19,48.07,3060.19,1313.07,"[9, 0, 113, 100]","[3009, 1265, 3113, 1365]",1.0
land,TRT000665,316,#db4f45,45.01,139.03,3045.01,1404.03,"[0, 90, 88, 182]","[3000, 1355, 3088, 1447]",1.0
land,TRT000666,318,#d16f59,9.88,8.85,4982.88,1296.85,"[0, 0, 20, 17]","[4973, 1288, 4993, 1305]",1.0
ocean,TRT000667,319,#1124b0,10.3,3.9,4618.3,1303.9,"[0, 0, 20, 10]","[4608, 1300, 4628, 1310]",0.65
land,TRT000668,320,#22d916,137.38,53.1,3298.38,1356.1,"[99, 0, 182, 116]","[3260, 1303, 3343, 1419]",1.0
land,TRT000669,320,#50a468,48.53,121.63,3209.53,1424.63,"[0, 91, 117, 153]","[3161, 1394, 3278, 1456]",1.0
land,TRT000670,320,#f3c989,60.12,80.06,3221.12,1383.06,"[0, 43, 111, 111]","[3161, 1346, 3272, 1414]",1.0
land,TRT000671,321,#ce1f77,17.65,4.96,4708.65,1307.96,"[0, 0, 39, 10]","[4691, 1303, 4730, 1313]",0.85
ocean,TRT000672,216,#220675,1368.02,624.17,4573.02,1398.17,"[1196, 476, 1579, 776]","[4401, 1250, 4784, 1550]",0.51
ocean,TRT000673,216,#2e3a7c,1054.74,587.65,4259.74,1361.65,"[907, 448, 1213, 729]","[4112, 1222, 4418, 1503]",0.51
ocean,TRT000674,216,#300985,1073.36,371.41,4278.36,1145.41,"[940, 220, 1236, 504]","[4145, 994, 4441, 1278]",0.51
ocean,TRT000675,216,#162f9a,1235.28,834.55,4440.28,1608.55,"[1108, 661, 1408, 1009]","[4313, 1435, 4613, 1783]",0.51
ocean,TRT000676,216,#291c92,802.04,356.45,4007.04,1130.45,"[635, 197, 947, 481]","[3840, 971, 4152, 1255]",0.51
ocean,TRT000677,216,#124c85,1003.02,179.06,4208.02,953.06,"[863, 44, 1158, 301]","[4068, 818, 4363, 1075]",0.51
ocean,TRT000678,216,#15267a,790.5,624.04,3995.5,1398.04,"[632, 473, 925, 791]","[3837, 1247, 4130, 1565]",0.51
ocean,TRT000679,216,#280a74,573.61,488.09,3778.61,1262.09,"[448, 342, 725, 626]","[3653, 1116, 3930, 1400]",0.51
ocean,TRT000680,216,#304ca8,1111.74,1161.61,4316.74,1935.61,"[967, 970, 1269, 1338]","[4172, 1744, 4474, 2112]",0.51
ocean,TRT000681,216,#1e2181,977.29,864.34,4182.29,1638.34,"[819, 704, 1127, 1039]","[4024, 1478, 4332, 1813]",0.51
ocean,TRT000682,216,#1119b2,707.67,937.33,3912.67,1711.33,"[535, 755, 872, 1117]","[3740, 1529, 4077, 1891]",0.51
ocean,TRT000683,216,#16218d,647.37,136.85,3852.37,910.85,"[505, 0, 782, 304]","[3710, 774, 3987, 1078]",0.51
ocean,TRT000684,216,#15457d,518.26,753.03,3723.26,1527.03,"[356, 610, 705, 921]","[3561, 1384, 3910, 1695]",0.51
ocean,TRT000685,216,#263694,1403.32,1029.45,4608.32,1803.45,"[1223, 854, 1552, 1159]","[4428, 1628, 4757, 1933]",0.51
ocean,TRT000686,216,#29276b,1391.66,1240.99,4596.66,2014.99,"[1204, 1118, 1558, 1338]","[4409, 1892, 4763, 2112]",0.51
ocean,TRT000687,216,#08256a,524.65,1241.27,3729.65,2015.27,"[322, 1093, 703, 1338]","[3527, 1867, 3908, 2112]",0.51
ocean,TRT000688,216,#38056f,216.48,880.54,3421.48,1654.54,"[0, 668, 410, 1048]","[3205, 1442, 3615, 1822]",0.51
ocean,TRT000689,216,#18046b,150.13,1183.7,3355.13,1957.7,"[1, 978, 336, 1338]","[3206, 1752, 3541, 2112]",0.51
ocean,TRT000690,216,#3b0286,341.17,515.9,3546.17,1289.9,"[214, 339, 462, 701]","[3419, 1113, 3667, 1475]",0.51
ocean,TRT000691,216,#19439f,485.56,263.96,3690.56,1037.96,"[281, 104, 650, 396]","[3486, 878, 3855, 1170]",0.51
ocean,TRT000692,216,#0c4b89,429.66,1046.01,3634.66,1820.01,"[258, 883, 615, 1217]","[3463, 1657, 3820, 1991]",0.51
ocean,TRT000693,216,#3b1a9d,837.38,1188.27,4042.38,1962.27,"[667, 1000, 1002, 1338]","[3872, 1774, 4207, 2112]",0.51
ocean,TRT000694,322,#2f2ab1,13.66,6.84,4787.66,1310.84,"[0, 0, 34, 16]","[4774, 1304, 4808, 1320]",0.7
land,TRT000695,323,#4c4d6d,11.76,4.52,4652.76,1309.52,"[0, 0, 23, 11]","[4641, 1305, 4664, 1316]",0.7
ocean,TRT000696,324,#3b3f83,12.32,9.92,4762.32,1324.92,"[0, 0, 25, 21]","[4750, 1315, 4775, 1336]",0.85
ocean,TRT000697,325,#2c4370,7.88,5.75,5323.88,1323.75,"[0, 0, 18, 11]","[5316, 1318, 5334, 1329]",0.9
ocean,TRT000698,326,#0b3b84,14.94,5.85,4693.94,1325.85,"[0, 0, 29, 15]","[4679, 1320, 4708, 1335]",0.61
lake,TRT000699,327,#1b2699,9.0,37.21,3356.0,1360.21,"[0, 0, 21, 74]","[3347, 1323, 3368, 1397]",0.87
land,TRT000700,328,#72a767,22.91,61.82,3351.91,1384.82,"[0, 0, 49, 114]","[3329, 1323, 3378, 1437]",1.0
land,TRT000701,329,#ab9cb6,35.75,107.83,1761.75,1433.83,"[0, 64, 78, 173]","[1726, 1390, 1804, 1499]",1.0
land,TRT000702,329,#7ea8a4,77.99,158.97,1803.99,1484.97,"[17, 109, 163, 206]","[1743, 1435, 1889, 1532]",1.0
land,TRT000703,329,#461af5,126.25,100.49,1852.25,1426.49,"[74, 45, 189, 157]","[1800, 1371, 1915, 1483]",1.0
land,TRT000704,329,#de555b,46.09,40.03,1772.09,1366.03,"[2, 0, 96, 75]","[1728, 1326, 1822, 1401]",1.0
land,TRT000705,330,#b95065,97.8,67.27,3387.8,1405.27,"[0, 0, 166, 132]","[3290, 1338, 3456, 1470]",0.85
land,TRT000706,330,#ec7396,51.39,182.08,3341.39,1520.08,"[16, 111, 88, 256]","[3306, 1449, 3378, 1594]",0.85
land,TRT000707,332,#1c7e0c,40.17,147.71,3534.17,1510.71,"[0, 81, 89, 211]","[3494, 1444, 3583, 1574]",1.0
land,TRT000708,332,#45375c,71.41,63.74,3565.41,1426.74,"[13, 0, 113, 113]","[3507, 1363, 3607, 1476]",1.0
land,TRT000709,333,#6c5517,70.98,52.65,3282.98,1470.65,"[0, 0, 121, 106]","[3212, 1418, 3333, 1524]",1.0
ocean,TRT000710,335,#1e4898,10.49,7.19,5602.49,1452.19,"[0, 0, 21, 15]","[5592, 1445, 5613, 1460]",1.0
land,TRT000711,334,#c34bea,46.86,42.16,3046.86,1481.16,"[0, 0, 83, 103]","[3000, 1439, 3083, 1542]",1.0
land,TRT000712,334,#751295,89.5,134.55,3089.5,1573.55,"[43, 87, 129, 188]","[3043, 1526, 3129, 1627]",1.0
land,TRT000713,334,#1aa809,115.38,47.56,3115.38,1486.56,"[75, 7, 209, 96]","[3075, 1446, 3209, 1535]",1.0
land,TRT000714,336,#84cdb5,84.33,125.0,1723.33,1574.0,"[54, 0, 127, 258]","[1693, 1449, 1766, 1707]",1.0
land,TRT000715,336,#a94839,39.4,380.76,1678.4,1829.76,"[0, 252, 83, 505]","[1639, 1701, 1722, 1954]",1.0
land,TRT000716,337,#d3b65f,37.24,83.5,3166.24,1534.5,"[0, 8, 90, 143]","[3129, 1459, 3219, 1594]",1.0
land,TRT000717,337,#907b23,86.04,52.67,3215.04,1503.67,"[31, 0, 143, 117]","[3160, 1451, 3272, 1568]",1.0
land,TRT000718,338,#e1d4b4,66.15,60.82,1901.15,1536.82,"[0, 0, 131, 129]","[1835, 1476, 1966, 1605]",1.0
ocean,TRT000719,339,#1e15aa,20.21,16.21,5407.21,1507.21,"[0, 0, 44, 33]","[5387, 1491, 5431, 1524]",0.46
land,TRT000720,341,#bd6af6,61.14,135.93,3135.14,1655.93,"[0, 43, 109, 198]","[3074, 1563, 3183, 1718]",1.0
land,TRT000721,341,#0fc346,131.0,82.17,3205.0,1602.17,"[72, 34, 182, 123]","[3146, 1554, 3256, 1643]",1.0
land,TRT000722,341,#3b0167,150.89,148.12,3224.89,1668.12,"[101, 106, 221, 189]","[3175, 1626, 3295, 1709]",1.0
land,TRT000723,341,#ab3975,207.3,59.59,3281.3,1579.59,"[162, 0, 257, 131]","[3236, 1520, 3331, 1651]",1.0
land,TRT000724,331,#5963a9,447.0,137.97,5039.0,1479.97,"[385, 95, 520, 178]","[4977, 1437, 5112, 1520]",0.74
land,TRT000725,331,#29d10c,339.54,175.46,4931.54,1517.46,"[289, 136, 398, 223]","[4881, 1478, 4990, 1565]",0.74
land,TRT000726,331,#d48678,325.54,81.54,4917.54,1423.54,"[273, 10, 402, 136]","[4865, 1352, 4994, 1478]",0.74
land,TRT000727,331,#082512,239.95,184.16,4831.95,1526.16,"[176, 125, 291, 234]","[4768, 1467, 4883, 1576]",0.74
land,TRT000728,331,#349c6d,291.0,57.0,4883.0,1399.0,"[291, 57, 292, 58]","[4883, 1399, 4884, 1400]",0.74
land,TRT000729,331,#c3de63,342.29,257.99,4934.29,1599.99,"[287, 214, 407, 317]","[4879, 1556, 4999, 1659]",0.74
land,TRT000730,331,#767340,461.74,282.55,5053.74,1624.55,"[399, 238, 532, 344]","[4991, 1580, 5124, 1686]",0.74
land,TRT000731,331,#e89ce7,376.37,331.76,4968.37,1673.76,"[302, 279, 440, 390]","[4894, 1621, 5032, 1732]",0.74
land,TRT000732,331,#f33771,242.93,283.7,4834.93,1625.7,"[180, 231, 307, 338]","[4772, 1573, 4899, 1680]",0.74
land,TRT000733,331,#36de98,468.8,70.8,5060.8,1412.8,"[434, 0, 515, 124]","[5026, 1342, 5107, 1466]",0.74
land,TRT000734,331,#1d6aff,436.24,211.6,5028.24,1553.6,"[383, 168, 489, 260]","[4975, 1510, 5081, 1602]",0.74
land,TRT000735,331,#a476b5,530.37,201.53,5122.37,1543.53,"[485, 132, 586, 277]","[5077, 1474, 5178, 1619]",0.74
land,TRT000736,331,#a1080b,218.45,98.83,4810.45,1440.83,"[143, 27, 278, 157]","[4735, 1369, 4870, 1499]",0.74
land,TRT000737,331,#acd2c7,145.67,238.57,4737.67,1580.57,"[85, 185, 205, 291]","[4677, 1527, 4797, 1633]",0.74
land,TRT000738,331,#234faf,116.51,329.25,4708.51,1671.25,"[27, 280, 197, 381]","[4619, 1622, 4789, 1723]",0.74
land,TRT000739,331,#e76ea6,115.4,165.61,4707.4,1507.61,"[23, 96, 184, 212]","[4615, 1438, 4776, 1554]",0.74
land,TRT000740,331,#fe7bd9,47.62,253.88,4639.62,1595.88,"[0, 172, 101, 369]","[4592, 1514, 4693, 1711]",0.74
land,TRT000741,343,#28e8b5,10.54,12.07,3308.54,1589.07,"[0, 0, 21, 25]","[3298, 1577, 3319, 1602]",1.0
land,TRT000742,342,#8fce1d,47.42,193.1,5042.42,1735.1,"[0, 140, 88, 240]","[4995, 1682, 5083, 1782]",1.0
land,TRT000743,342,#f63423,134.28,190.97,5129.28,1732.97,"[88, 143, 191, 240]","[5083, 1685, 5186, 1782]",1.0
land,TRT000744,342,#ef1ece,180.27,83.15,5175.27,1625.15,"[122, 0, 227, 159]","[5117, 1542, 5222, 1701]",1.0
land,TRT000745,342,#1288bf,99.91,135.09,5094.91,1677.09,"[41, 90, 157, 180]","[5036, 1632, 5152, 1722]",1.0
land,TRT000746,344,#2e1593,17.63,14.28,3257.63,1636.28,"[0, 0, 37, 32]","[3240, 1622, 3277, 1654]",1.0
land,TRT000747,345,#42aaaf,38.26,41.67,1938.26,1686.67,"[0, 0, 84, 76]","[1900, 1645, 1984, 1721]",1.0
land,TRT000748,340,#dfe8e2,85.78,134.4,1750.78,1649.4,"[46, 81, 136, 190]","[1711, 1596, 1801, 1705]",1.0
land,TRT000749,340,#82984b,69.25,271.0,1734.25,1786.0,"[25, 208, 111, 318]","[1690, 1723, 1776, 1833]",1.0
land,TRT000750,340,#a336ef,107.63,198.7,1772.63,1713.7,"[49, 148, 158, 239]","[1714, 1663, 1823, 1754]",1.0
land,TRT000751,340,#295739,134.31,56.96,1799.31,1571.96,"[77, 0, 189, 121]","[1742, 1515, 1854, 1636]",1.0
land,TRT000752,340,#0b93cd,208.11,138.17,1873.11,1653.17,"[158, 96, 258, 186]","[1823, 1611, 1923, 1701]",1.0
land,TRT000753,340,#53c05d,213.98,227.95,1878.98,1742.95,"[162, 184, 264, 269]","[1827, 1699, 1929, 1784]",1.0
land,TRT000754,340,#395fb8,74.04,359.75,1739.04,1874.75,"[22, 318, 132, 419]","[1687, 1833, 1797, 1934]",1.0
land,TRT000755,340,#3e2c2a,227.68,78.45,1892.68,1593.45,"[176, 26, 311, 123]","[1841, 1541, 1976, 1638]",1.0
land,TRT000756,340,#afed79,141.55,273.09,1806.55,1788.09,"[105, 224, 192, 338]","[1770, 1739, 1857, 1853]",1.0
land,TRT000757,340,#ee53c1,46.32,433.75,1711.32,1948.75,"[0, 390, 103, 477]","[1665, 1905, 1768, 1992]",1.0
land,TRT000758,340,#c8a7e5,162.52,167.51,1827.52,1682.51,"[127, 112, 206, 225]","[1792, 1627, 1871, 1740]",1.0
ocean,TRT000759,346,#3630ad,12.19,11.94,2012.19,1659.94,"[0, 0, 24, 25]","[2000, 1648, 2024, 1673]",0.56
ocean,TRT000760,347,#213485,12.17,10.26,5539.17,1730.26,"[0, 0, 22, 23]","[5527, 1720, 5549, 1743]",0.85
land,TRT000761,348,#7a1744,34.41,34.93,5571.41,1783.93,"[0, 0, 74, 76]","[5537, 1749, 5611, 1825]",1.0
land,TRT000762,349,#b4cec6,59.58,52.93,5485.58,1861.93,"[0, 0, 119, 95]","[5426, 1809, 5545, 1904]",1.0
land,TRT000763,350,#a342f7,30.01,22.0,5111.01,1831.0,"[0, 0, 58, 48]","[5081, 1809, 5139, 1857]",1.0
ocean,TRT000764,351,#240273,6.78,13.61,1658.78,1840.61,"[0, 0, 15, 26]","[1652, 1827, 1667, 1853]",0.85
ocean,TRT000765,352,#321e6c,8.24,5.89,1814.24,1838.89,"[0, 0, 14, 12]","[1806, 1833, 1820, 1845]",0.7
land,TRT000766,353,#78c964,17.34,19.96,1663.34,1971.96,"[0, 0, 39, 42]","[1646, 1952, 1685, 1994]",0.85
ocean,TRT000767,280,#371b87,172.07,984.3,1900.07,2038.3,"[0, 889, 340, 1058]","[1728, 1943, 2068, 2112]",0.51
ocean,TRT000768,280,#121a83,405.12,908.3,2133.12,1962.3,"[264, 753, 550, 1058]","[1992, 1807, 2278, 2112]",0.51
ocean,TRT000769,280,#394ea0,646.91,879.21,2374.91,1933.21,"[498, 673, 810, 1058]","[2226, 1727, 2538, 2112]",0.51
ocean,TRT000770,280,#1a248e,175.85,806.31,1903.85,1860.31,"[4, 653, 312, 931]","[1732, 1707, 2040, 1985]",0.51
ocean,TRT000771,280,#270b93,863.85,671.82,2591.85,1725.82,"[665, 503, 1021, 838]","[2393, 1557, 2749, 1892]",0.51
ocean,TRT000772,280,#084166,953.58,405.26,2681.58,1459.26,"[785, 257, 1105, 566]","[2513, 1311, 2833, 1620]",0.51
ocean,TRT000773,280,#0f4a69,427.5,629.96,2155.5,1683.96,"[246, 435, 605, 765]","[1974, 1489, 2333, 1819]",0.51
ocean,TRT000774,280,#2c37ae,635.51,488.0,2363.51,1542.0,"[459, 320, 821, 677]","[2187, 1374, 2549, 1731]",0.51
ocean,TRT000775,280,#201a7a,1193.1,370.38,2921.1,1424.38,"[1069, 209, 1321, 513]","[2797, 1263, 3049, 1567]",0.51
ocean,TRT000776,280,#191e96,685.72,262.4,2413.72,1316.4,"[489, 91, 846, 398]","[2217, 1145, 2574, 1452]",0.51
ocean,TRT000777,280,#254d7f,1179.02,656.32,2907.02,1710.32,"[1015, 500, 1428, 858]","[2743, 1554, 3156, 1912]",0.51
ocean,TRT000778,280,#3415a4,1129.83,143.89,2857.83,1197.89,"[1022, 18, 1280, 272]","[2750, 1072, 3008, 1326]",0.51
ocean,TRT000779,280,#0408ae,968.44,937.52,2696.44,1991.52,"[758, 775, 1159, 1058]","[2486, 1829, 2887, 2112]",0.51
ocean,TRT000780,280,#282caa,902.26,144.64,2630.26,1198.64,"[745, 0, 1032, 278]","[2473, 1054, 2760, 1332]",0.51
ocean,TRT000781,280,#180b7d,1333.2,887.82,3061.2,1941.82,"[1134, 652, 1482, 1058]","[2862, 1706, 3210, 2112]",0.51
land,TRT000782,354,#a38e77,25.65,18.9,1694.65,1999.9,"[0, 0, 60, 44]","[1669, 1981, 1729, 2025]",0.88
land,TRT000783,355,#eb8681,16.48,20.1,1728.48,2015.1,"[0, 0, 32, 43]","[1712, 1995, 1744, 2038]",1.0
land,TRT000784,356,#a86b84,4.3,12.58,1709.3,2011.58,"[0, 0, 12, 27]","[1705, 1999, 1717, 2026]",0.78
land,TRT000785,357,#1b1de0,17.9,18.1,1758.9,2026.1,"[0, 0, 54, 30]","[1741, 2008, 1795, 2038]",1.0
ocean,TRT000786,276,#151783,857.61,964.37,857.61,1996.37,"[662, 787, 1024, 1080]","[662, 1819, 1024, 2112]",0.51
ocean,TRT000787,276,#194a71,438.88,994.08,438.88,2026.08,"[247, 824, 641, 1080]","[247, 1856, 641, 2112]",0.51
ocean,TRT000788,276,#1a0378,862.08,608.92,862.08,1640.92,"[711, 464, 1028, 787]","[711, 1496, 1028, 1819]",0.51
ocean,TRT000789,276,#354670,657.31,523.08,657.31,1555.08,"[511, 331, 806, 701]","[511, 1363, 806, 1733]",0.51
ocean,TRT000790,276,#2f4fad,876.55,335.49,876.55,1367.49,"[678, 206, 1066, 471]","[678, 1238, 1066, 1503]",0.51
ocean,TRT000791,276,#0e2b9c,1100.7,152.3,1100.7,1184.3,"[967, 12, 1251, 323]","[967, 1044, 1251, 1355]",0.51
ocean,TRT000792,276,#073387,409.82,629.77,409.82,1661.77,"[264, 476, 573, 801]","[264, 1508, 573, 1833]",0.51
ocean,TRT000793,276,#1a07ab,136.9,594.25,136.9,1626.25,"[0, 437, 296, 759]","[0, 1469, 296, 1791]",0.51
ocean,TRT000794,276,#132eac,442.7,371.78,442.7,1403.78,"[277, 203, 638, 508]","[277, 1235, 638, 1540]",0.51
ocean,TRT000795,276,#0e2d87,100.99,929.04,100.99,1961.04,"[0, 741, 249, 1080]","[0, 1773, 249, 2112]",0.51
ocean,TRT000796,276,#154a89,1309.5,721.58,1309.5,1753.58,"[1150, 536, 1456, 905]","[1150, 1568, 1456, 1937]",0.51
ocean,TRT000797,276,#2b3f92,1504.4,438.57,1504.4,1470.57,"[1326, 281, 1719, 595]","[1326, 1313, 1719, 1627]",0.51
ocean,TRT000798,276,#342b8a,626.28,847.23,626.28,1879.23,"[450, 681, 796, 1080]","[450, 1713, 796, 2112]",0.51
ocean,TRT000799,276,#320cb1,325.22,146.71,325.22,1178.71,"[187, 13, 460, 326]","[187, 1045, 460, 1358]",0.51
ocean,TRT000800,276,#014d95,1162.14,467.84,1162.14,1499.84,"[975, 299, 1337, 654]","[975, 1331, 1337, 1686]",0.51
ocean,TRT000801,276,#0c1ea8,1314.02,198.73,1314.02,1230.73,"[1185, 12, 1462, 390]","[1185, 1044, 1462, 1422]",0.51
ocean,TRT000802,276,#0e1873,1572.37,677.9,1572.37,1709.9,"[1430, 503, 1714, 832]","[1430, 1535, 1714, 1864]",0.51
ocean,TRT000803,276,#2828a0,1488.94,124.63,1488.94,1156.63,"[1353, 0, 1608, 283]","[1353, 1032, 1608, 1315]",0.51
ocean,TRT000804,276,#1f0ea9,605.71,156.02,605.71,1188.02,"[460, 13, 753, 342]","[460, 1045, 753, 1374]",0.51
ocean,TRT000805,276,#2a2a97,1532.48,964.85,1532.48,1996.85,"[1360, 814, 1760, 1080]","[1360, 1846, 1760, 2112]",0.51
ocean,TRT000806,276,#292490,129.41,350.9,129.41,1382.9,"[0, 225, 287, 482]","[0, 1257, 287, 1514]",0.51
ocean,TRT000807,276,#004876,855.74,105.78,855.74,1137.78,"[711, 12, 1004, 221]","[711, 1044, 1004, 1253]",0.51
ocean,TRT000808,276,#1c4c8e,101.06,117.37,101.06,1149.37,"[0, 13, 228, 234]","[0, 1045, 228, 1266]",0.51
ocean,TRT000809,276,#1f3f8d,1190.09,964.95,1190.09,1996.95,"[1024, 799, 1360, 1080]","[1024, 1831, 1360, 2112]",0.51
ocean,TRT000810,276,#100c8b,282.9,840.81,282.9,1872.81,"[139, 689, 450, 1043]","[139, 1721, 450, 2075]",0.51
ocean,TRT000811,276,#1537b0,1018.4,752.34,1018.4,1784.34,"[825, 583, 1159, 921]","[825, 1615, 1159, 1953]",0.51
